ID,POS,#,Name,Nickname,Age,NAT,City,HT,WT,B,T,Schl,CommSch,COMP,HSC,PIT,G/F,VELO,Slot,PT,G,GS,PA,AB,H,2B,3B,HR,RBI,R,BB,SO,EBH,AVG,OBP,SLG,RC,RC/27,ISO,wOBA,OPS,BABIP,WPA,WAR,PI/PA,SB,CS,G,GS,W,L,SV,BS,HLD,IP,HA,HR,R,ER,BB,K,ERA,BABIP,WHIP,RA/9,HR/9,H/9,BB/9,K/9,K/BB,QS,CG,SHO,GO%,FIP,WPA,WAR,rWAR,DEM,Sign,SctAcc,Year,Notes
33427,2B,23,DUKE ABRAMS,,15,USA,"Warwick, RI","5' 10""",150 lbs,Left,Right,Woburn,-,Average,HS Sophomore,1,NEU,80-83 Mph,Normal (3/4),Normal,23,23,118,99,42,9,3,1,22,35,18,4,13,0.424,0.517,0.606,34.7,15.6,0.182,0.488,1.123,0.436,0,1.8,0,11,3,0,0,0,0,0,0,0,0,0,0,0,0,0,0,0,0,0,0,0,0,0,0,0,0,0,0,0,0,0,0,0,Slot,-,Average,1937,
33421,SP,11,ACE ADAMS,,19,USA,"San Gabriel, CA","5' 10""",165 lbs,Right,Right,CC Los Angeles,-,Great,CO Freshman,4,NEU,83-85 Mph,Normal (3/4),Normal,,,0,0,0,0,0,0,0,0,0,0,0,0,0,0,0,0,0,0,0,0,0,0,0,0,0,17,17,6,6,0,0,0,112,117,7,56,52,50,69,4.18,0.304,1.49,13.4,0.6,9.4,4,5.5,1.4,0,0,0,0,4.12,0,1.4,1.4,Slot,-,Average,1937,
33392,1B,19,BUCK ADAMS,,19,USA,"Fairbury, NE","6' 0""",200 lbs,Right,Right,Bayou State College,-,Great,CO Freshman,1,NEU,80-83 Mph,Over the Top,Normal,49,49,246,207,57,9,0,8,45,42,34,20,17,0.275,0.385,0.435,38.7,6.7,0.159,0.364,0.82,0.274,0,1,0,10,4,0,0,0,0,0,0,0,0,0,0,0,0,0,0,0,0,0,0,0,0,0,0,0,0,0,0,0,0,0,0,0,Slot,-,Average,1937,
33871,2B,5,MONTY ADAMS,,16,USA,"Dallas, TX","5' 8""",160 lbs,Switch,Right,Dallas,-,Average,HS Sophomore,2,NEU,-,Normal (3/4),Normal,25,25,125,109,50,13,0,1,26,36,14,5,14,0.459,0.52,0.606,36.8,16,0.147,0.49,1.126,0.471,0,1.9,0,5,2,0,0,0,0,0,0,0,0,0,0,0,0,0,0,0,0,0,0,0,0,0,0,0,0,0,0,0,0,0,0,0,Slot,-,Average,1937,
33384,CF,30,BOB ALLEN,,19,USA,"Weehawken, NJ","5' 9""",160 lbs,Right,Right,Eastern State,-,Great,CO Freshman,1,FB,80-83 Mph,Normal (3/4),Normal,45,45,225,190,55,10,5,2,29,41,30,16,17,0.289,0.393,0.426,39.5,7.4,0.137,0.365,0.819,0.306,0,1,0,37,7,0,0,0,0,0,0,0,0,0,0,0,0,0,0,0,0,0,0,0,0,0,0,0,0,0,0,0,0,0,0,0,Slot,-,Average,1937,
33642,SP,21,JACK ALLEN,,19,USA,"Rapid City, SD","5' 11""",150 lbs,Left,Right,Utah A&M,-,Good,CO Freshman,4,FB,84-86 Mph,Over the Top,Finesse,,,0,0,0,0,0,0,0,0,0,0,0,0,0,0,0,0,0,0,0,0,0,0,0,0,0,15,15,5,6,0,0,0,106,125,9,52,49,18,39,4.16,0.307,1.35,12.2,0.8,10.6,1.5,3.3,2.2,0,0,0,0,4.11,0,1.3,1.4,Slot,-,Average,1937,
37313,CF,10,SAM C ALLEN,,16,USA,"Philadelphia, PA","5' 9""",165 lbs,Right,Right,Central,-,Average,HS Sophomore,1,FB,80-83 Mph,Over the Top,Normal,24,24,121,97,43,12,2,2,30,41,17,8,16,0.443,0.538,0.67,38.9,18.1,0.227,0.508,1.208,0.466,0,2,0,5,1,0,0,0,0,0,0,0,0,0,0,0,0,0,0,0,0,0,0,0,0,0,0,0,0,0,0,0,0,0,0,0,Slot,-,Average,1937,
33402,SP,33,ROLLIE ANDERSON,,20,USA,"Herkimer, NY","5' 10""",160 lbs,Right,Right,Maryland State,-,Great,CO Freshman,3,NEU,80-83 Mph,Normal (3/4),Normal,,,0,0,0,0,0,0,0,0,0,0,0,0,0,0,0,0,0,0,0,0,0,0,0,0,0,19,19,5,8,0,0,0,125,150,15,87,83,72,54,5.98,0.307,1.78,16,1.1,10.8,5.2,3.9,0.8,0,0,0,0,5.62,0,-0.6,-0.8,Slot,-,Average,1937,
37264,SP,10,HANK ARTRIP,,16,USA,"San Francisco, CA","5' 7""",150 lbs,Switch,Left,Lowell,-,Average,HS Sophomore,3,NEU,83-85 Mph,Normal (3/4),Normal,10,10,52,42,15,7,2,1,12,12,3,4,10,0.357,0.388,0.69,12,9.5,0.333,0.407,1.078,0.35,0,0.4,0,3,1,14,14,7,3,0,0,0,102,96,3,38,36,47,57,3.18,0.258,1.4,12.7,0.3,8.5,4.1,5,1.2,0,0,0,0,3.88,0,1.6,2.7,Slot,-,Average,1937,
33412,SP,31,JIMMY BALLARD,,15,USA,"Weston, WV","6' 2""",165 lbs,Switch,Right,Donora,-,Average,HS Sophomore,3,NEU,84-86 Mph,Sidearm,Normal,8,8,43,36,14,3,0,3,10,14,1,3,6,0.389,0.375,0.722,8.7,7.4,0.333,0.407,1.097,0.333,0,0.3,0,9,4,12,12,8,1,0,0,0,94,64,2,17,16,31,123,1.53,0.256,1.01,9.2,0.2,6.1,3,11.8,4,0,0,0,0,1.88,0,4.3,5,Slot,-,Average,1937,
33393,CF,27,DANNY BATTLES,,15,USA,"Canandaigua, NY","5' 9""",140 lbs,Right,Left,St. Francis de Sales,-,Average,HS Sophomore,1,EX FB,80-83 Mph,Normal (3/4),Normal,25,25,127,101,43,12,5,2,28,36,20,5,19,0.426,0.52,0.703,41.1,15.8,0.277,0.51,1.223,0.423,0,2.1,0,25,9,0,0,0,0,0,0,0,0,0,0,0,0,0,0,0,0,0,0,0,0,0,0,0,0,0,0,0,0,0,0,0,Slot,-,Average,1937,
33457,SP,14,BILL BEAUDRY,,15,USA,"Cleveland, OH","5' 9""",145 lbs,Left,Left,New Castle,-,Average,HS Sophomore,3,GB,85-87 Mph,Over the Top,GB'er,10,10,53,48,20,3,2,0,14,14,1,3,5,0.417,0.404,0.562,10.7,8.1,0.146,0.397,0.966,0.417,0,0.4,0,8,4,16,16,10,1,0,0,0,109,76,2,17,15,17,153,1.24,0.28,0.85,7.8,0.2,6.3,1.4,12.6,9,0,0,0,0,1.15,0,6.3,6,Slot,-,Average,1937,
35317,3B,33,JOE BECKWITH,,19,USA,"Adrian, MI","5' 8""",155 lbs,Right,Right,Carolina Poly,-,Great,CO Freshman,1,FB,80-83 Mph,Normal (3/4),Normal,44,44,224,192,53,9,1,2,35,44,27,12,12,0.276,0.368,0.365,29.5,5.4,0.089,0.332,0.732,0.283,0,-0.4,0,13,5,0,0,0,0,0,0,0,0,0,0,0,0,0,0,0,0,0,0,0,0,0,0,0,0,0,0,0,0,0,0,0,Slot,-,Average,1937,
33436,SP,14,DON BENNETT,,15,USA,"Long Beach, CA","6' 2""",160 lbs,Right,Right,Franklin,-,Average,HS Sophomore,3,NEU,83-85 Mph,Normal (3/4),Normal,,,0,0,0,0,0,0,0,0,0,0,0,0,0,0,0,0,0,0,0,0,0,0,0,0,0,11,7,3,2,0,0,0,55.2,44,2,15,13,17,60,2.1,0.269,1.1,9.9,0.3,7.1,2.7,9.7,3.5,0,0,0,0,2.43,0,1.9,2.1,Slot,-,Average,1937,
37557,C,22,ROY BIRD,,16,USA,"Chino, CA","6' 0""",175 lbs,Right,Right,Colorado Springs,-,Average,HS Sophomore,1,FB,80-83 Mph,Normal (3/4),Normal,23,23,115,102,46,12,1,1,27,33,9,2,14,0.451,0.5,0.618,33.2,14.5,0.167,0.48,1.118,0.45,0,1.6,0,10,4,0,0,0,0,0,0,0,0,0,0,0,0,0,0,0,0,0,0,0,0,0,0,0,0,0,0,0,0,0,0,0,Slot,-,Average,1937,
33484,3B,4,JOHN BLAKES,,14,USA,"Chicago, IL","5' 10""",160 lbs,Left,Right,Morris,-,Average,HS Sophomore,1,FB,80-83 Mph,Normal (3/4),Normal,27,27,137,110,45,14,2,2,29,33,21,7,18,0.409,0.522,0.627,39.5,15.9,0.218,0.493,1.149,0.426,0,2.1,0,2,1,0,0,0,0,0,0,0,0,0,0,0,0,0,0,0,0,0,0,0,0,0,0,0,0,0,0,0,0,0,0,0,Slot,-,Average,1937,
33865,LF,29,DEL BOGGS,,16,USA,"Nashua, NH","6' 1""",185 lbs,Right,Right,Nashua,-,Average,HS Sophomore,1,FB,80-83 Mph,Sidearm,Normal,26,26,131,115,60,17,6,3,38,45,11,4,26,0.522,0.565,0.852,56.2,23.7,0.33,0.588,1.417,0.518,0,3.1,0,14,7,0,0,0,0,0,0,0,0,0,0,0,0,0,0,0,0,0,0,0,0,0,0,0,0,0,0,0,0,0,0,0,Slot,-,Average,1937,
34871,CF,3,PHIL BOWEN,,16,USA,"Detroit, MI","5' 10""",170 lbs,Right,Right,Catholic Central,-,Average,HS Sophomore,1,NEU,80-83 Mph,Over the Top,Normal,21,21,106,95,38,14,0,3,22,30,9,6,17,0.4,0.457,0.642,29.1,13.3,0.242,0.465,1.099,0.407,0,1.4,0,3,1,0,0,0,0,0,0,0,0,0,0,0,0,0,0,0,0,0,0,0,0,0,0,0,0,0,0,0,0,0,0,0,Slot,-,Average,1937,
33726,LF,8,SKINNY BRADLEY,,16,USA,"Dodge City, KS","5' 10""",155 lbs,Left,Left,Dodge City,-,Average,HS Sophomore,1,FB,80-83 Mph,Normal (3/4),Normal,21,21,107,93,41,11,0,0,23,37,8,2,11,0.441,0.486,0.559,27.5,12.6,0.118,0.448,1.045,0.441,0,1.2,0,9,3,0,0,0,0,0,0,0,0,0,0,0,0,0,0,0,0,0,0,0,0,0,0,0,0,0,0,0,0,0,0,0,Slot,-,Average,1937,
33363,3B,35,WILL BRADLEY,IRONFIST,15,USA,"Biddeford, ME","5' 10""",155 lbs,Right,Right,Rockland,-,Average,HS Sophomore,1,FB,80-83 Mph,Normal (3/4),Normal,27,27,135,108,46,12,2,1,25,33,18,5,15,0.426,0.526,0.602,37.7,15.4,0.176,0.484,1.128,0.437,0,2,0,2,1,0,0,0,0,0,0,0,0,0,0,0,0,0,0,0,0,0,0,0,0,0,0,0,0,0,0,0,0,0,0,0,Slot,-,Average,1937,
33470,SP,6,EDDIE BRAY,,15,USA,"Honolulu, HI","5' 8""",140 lbs,Right,Right,Honolulu,-,Average,HS Sophomore,4,NEU,83-85 Mph,Normal (3/4),Normal,,,0,0,0,0,0,0,0,0,0,0,0,0,0,0,0,0,0,0,0,0,0,0,0,0,0,12,12,7,2,0,0,0,89.2,81,4,29,25,23,85,2.51,0.279,1.16,10.7,0.4,8.1,2.3,8.5,3.7,0,0,0,0,2.75,0,2.8,2.9,Slot,-,Average,1937,
33661,CF,25,BEN BRAZEL,,19,USA,"Fairbury, NE","6' 2""",180 lbs,Right,Right,Red River State,-,Good,CO Freshman,1,NEU,80-83 Mph,Normal (3/4),Normal,54,54,272,257,83,11,10,0,47,50,9,6,21,0.323,0.352,0.444,43.4,6.3,0.121,0.345,0.795,0.329,0,0.4,0,36,9,0,0,0,0,0,0,0,0,0,0,0,0,0,0,0,0,0,0,0,0,0,0,0,0,0,0,0,0,0,0,0,Slot,-,Average,1937,
33413,3B,2,CHUCK BRECKER,,20,USA,"Macon, GA","5' 10""",180 lbs,Right,Right,Salisbury College,-,Fair,CO Freshman,1,NEU,80-83 Mph,Normal (3/4),Normal,51,51,257,219,58,8,1,4,38,39,35,24,13,0.265,0.371,0.365,33.4,5.4,0.1,0.336,0.736,0.283,0,0.5,0,12,6,0,0,0,0,0,0,0,0,0,0,0,0,0,0,0,0,0,0,0,0,0,0,0,0,0,0,0,0,0,0,0,Slot,-,Average,1937,
33730,1B,27,DOC BRIGGS,,16,USA,"Chester, WV","6' 0""",185 lbs,Switch,Right,Chester,-,Average,HS Sophomore,1,FB,80-83 Mph,Over the Top,Normal,22,22,110,92,39,10,1,1,21,36,17,7,12,0.424,0.514,0.587,30.4,14.4,0.163,0.477,1.101,0.452,0,1.5,0,8,3,0,0,0,0,0,0,0,0,0,0,0,0,0,0,0,0,0,0,0,0,0,0,0,0,0,0,0,0,0,0,0,Slot,-,Average,1937,
33746,CF,34,DUCKY BROWN,,16,USA,"Everett, WA","6' 1""",160 lbs,Right,Right,Everett,-,Average,HS Sophomore,1,NEU,80-83 Mph,Over the Top,Normal,24,24,122,102,44,12,3,0,22,40,16,3,15,0.431,0.517,0.608,35.2,14.8,0.176,0.481,1.125,0.444,0,1.8,0,12,4,0,0,0,0,0,0,0,0,0,0,0,0,0,0,0,0,0,0,0,0,0,0,0,0,0,0,0,0,0,0,0,Slot,-,Average,1937,
33404,RP,6,HERB BROWN,,15,USA,"El Paso, TX","5' 9""",135 lbs,Right,Right,Santa Fe,-,Average,HS Sophomore,3,NEU,84-86 Mph,Sidearm,Normal,25,25,129,123,50,12,2,2,27,37,2,5,16,0.407,0.421,0.585,30.2,10.3,0.179,0.424,1.006,0.414,0,1.2,0,7,3,14,8,4,2,0,0,0,61.1,54,3,24,20,26,60,2.93,0.276,1.3,12,0.4,7.9,3.8,8.8,2.3,0,0,0,0,3.25,0,1.3,1.3,Slot,-,Average,1937,
33394,C,1,ROY BROWN,,19,USA,"Plymouth, MA","5' 10""",185 lbs,Right,Right,Baton Rouge State,-,Great,CO Freshman,1,NEU,80-83 Mph,Over the Top,Normal,48,48,241,206,59,9,1,1,35,48,29,11,11,0.286,0.386,0.354,31.6,5.7,0.068,0.342,0.74,0.297,0,0.5,0,1,1,0,0,0,0,0,0,0,0,0,0,0,0,0,0,0,0,0,0,0,0,0,0,0,0,0,0,0,0,0,0,0,Slot,-,Average,1937,
33417,CF,15,TRUMAN BROWN,,15,USA,"Abbeville, SC","5' 9""",140 lbs,Right,Right,Simpsonville,-,Average,HS Sophomore,1,NEU,80-83 Mph,Sidearm,Normal,25,25,128,99,52,10,4,3,30,39,16,4,17,0.525,0.608,0.798,52.8,22.3,0.273,0.574,1.406,0.521,0,2.9,0,34,12,0,0,0,0,0,0,0,0,0,0,0,0,0,0,0,0,0,0,0,0,0,0,0,0,0,0,0,0,0,0,0,Slot,-,Average,1937,
33389,CF,12,PETE BRUMMELL,,15,USA,"South Bend, IN","6' 1""",160 lbs,Right,Right,McKinley,-,Average,HS Sophomore,1,NEU,80-83 Mph,Normal (3/4),Normal,24,24,124,99,43,10,2,2,30,41,18,5,14,0.434,0.54,0.636,39.3,16.6,0.202,0.508,1.177,0.441,0,2.1,0,22,7,0,0,0,0,0,0,0,0,0,0,0,0,0,0,0,0,0,0,0,0,0,0,0,0,0,0,0,0,0,0,0,Slot,-,Average,1937,
33804,CF,1,JOE BUESCHER,,16,USA,"New York, NY","5' 10""",145 lbs,Left,Left,Roman Catholic,-,Average,HS Sophomore,1,FB,80-83 Mph,Sidearm,Normal,24,24,124,104,44,8,1,3,26,43,17,3,12,0.423,0.512,0.606,36.4,14.9,0.183,0.483,1.118,0.418,0,1.8,0,18,5,0,0,0,0,0,0,0,0,0,0,0,0,0,0,0,0,0,0,0,0,0,0,0,0,0,0,0,0,0,0,0,Slot,-,Average,1937,
35119,3B,3,VAN BURKE,,15,USA,"Dallas, TX","5' 10""",175 lbs,Right,Right,Fort Worth,-,Average,HS Sophomore,1,FB,80-83 Mph,Normal (3/4),Normal,23,23,117,95,38,11,2,3,25,37,18,4,16,0.4,0.487,0.653,33.1,14.2,0.253,0.48,1.14,0.385,0,1.7,0,6,3,0,0,0,0,0,0,0,0,0,0,0,0,0,0,0,0,0,0,0,0,0,0,0,0,0,0,0,0,0,0,0,Slot,-,Average,1937,
34897,LF,3,MIKE BURNS,,15,USA,"Buchanan, MI","5' 7""",165 lbs,Left,Left,Buchanan,-,Average,HS Sophomore,1,FB,80-83 Mph,Normal (3/4),Normal,24,24,120,106,44,9,5,1,28,32,10,5,15,0.415,0.471,0.623,33.3,12.7,0.208,0.464,1.093,0.426,0,1.5,0,22,7,0,0,0,0,0,0,0,0,0,0,0,0,0,0,0,0,0,0,0,0,0,0,0,0,0,0,0,0,0,0,0,Slot,-,Average,1937,
33850,RF,2,TOMMY BURROUGHS,,16,USA,"Camden, SC","5' 10""",180 lbs,Left,Left,Camden,-,Average,HS Sophomore,1,NEU,80-83 Mph,Normal (3/4),Normal,24,24,120,96,43,12,2,4,28,43,17,3,18,0.448,0.542,0.74,42.9,20,0.292,0.536,1.281,0.429,0,2.3,0,10,3,0,0,0,0,0,0,0,0,0,0,0,0,0,0,0,0,0,0,0,0,0,0,0,0,0,0,0,0,0,0,0,Slot,-,Average,1937,
33368,CF,53,GUS BYRD,,15,USA,"Southport, NY","5' 11""",155 lbs,Left,Left,Plymouth,-,Average,HS Sophomore,1,FB,80-83 Mph,Over the Top,Normal,24,24,122,100,51,17,5,4,35,40,17,3,26,0.51,0.575,0.9,54.6,25.9,0.39,0.592,1.475,0.495,0,2.9,0,11,4,0,0,0,0,0,0,0,0,0,0,0,0,0,0,0,0,0,0,0,0,0,0,0,0,0,0,0,0,0,0,0,Slot,-,Average,1937,
33478,2B,21,JERRY BYRD,,15,USA,"Los Angeles, CA","5' 10""",150 lbs,Right,Right,Alhambra,-,Average,HS Sophomore,1,FB,80-83 Mph,Normal (3/4),Normal,26,26,130,105,44,13,0,3,26,38,19,5,16,0.419,0.5,0.629,36.7,14.6,0.21,0.474,1.129,0.41,0,1.8,0,6,2,0,0,0,0,0,0,0,0,0,0,0,0,0,0,0,0,0,0,0,0,0,0,0,0,0,0,0,0,0,0,0,Slot,-,Average,1937,
33883,SP,4,ED CALDWELL,,16,USA,"Chicago, IL","6' 4""",175 lbs,Right,Right,Geneva,-,Average,HS Sophomore,4,NEU,84-86 Mph,Sidearm,Normal,22,22,112,108,39,8,0,3,29,30,2,11,11,0.361,0.375,0.519,20.9,7.6,0.157,0.385,0.894,0.379,0,0.7,0,8,4,14,10,4,2,0,0,0,68.2,61,3,27,25,36,75,3.28,0.293,1.41,12.8,0.4,8,4.7,9.8,2.1,0,0,0,0,3.2,0,1.6,1.5,Slot,-,Average,1937,
37283,CF,23,TOM CALVERT,,16,USA,"Brooklyn, NY","5' 7""",150 lbs,Switch,Right,Barton,-,Average,HS Sophomore,3,NEU,75-80 Mph,Normal (3/4),Normal,26,26,134,112,45,10,3,1,28,32,19,8,14,0.402,0.492,0.571,34.2,12.2,0.17,0.458,1.064,0.427,0,1.7,0,17,7,0,0,0,0,0,0,0,0,0,0,0,0,0,0,0,0,0,0,0,0,0,0,0,0,0,0,0,0,0,0,0,Slot,-,Average,1937,
34836,3B,4,ERV CANNON,,16,USA,"Decatur, IL","5' 10""",180 lbs,Right,Right,Decatur,-,Average,HS Sophomore,3,EX GB,83-85 Mph,Normal (3/4),GB'er,26,26,134,121,53,15,0,0,33,42,5,2,15,0.438,0.462,0.562,32.8,12,0.124,0.438,1.024,0.434,0,1.4,0,1,1,0,0,0,0,0,0,0,0,0,0,0,0,0,0,0,0,0,0,0,0,0,0,0,0,0,0,0,0,0,0,0,Slot,-,Average,1937,
33452,LF,2,ANDY CARPENTER,,15,USA,"Pittsburgh, PA","6' 2""",175 lbs,Right,Right,Bryn Mawr,-,Average,HS Sophomore,1,EX FB,80-83 Mph,Normal (3/4),Normal,23,23,117,98,45,13,2,2,26,38,16,3,17,0.459,0.521,0.694,38.9,18.4,0.235,0.512,1.215,0.448,0,2,0,4,1,0,0,0,0,0,0,0,0,0,0,0,0,0,0,0,0,0,0,0,0,0,0,0,0,0,0,0,0,0,0,0,Slot,-,Average,1937,
33416,CF,11,ROY CARROLL,,14,USA,"San Francisco, CA","5' 10""",145 lbs,Right,Right,Clayton,-,Average,HS Sophomore,1,NEU,80-83 Mph,Sidearm,Normal,28,28,140,109,50,11,5,7,32,42,20,7,23,0.459,0.571,0.844,61.5,24.8,0.385,0.581,1.415,0.448,0,3.2,0,34,7,0,0,0,0,0,0,0,0,0,0,0,0,0,0,0,0,0,0,0,0,0,0,0,0,0,0,0,0,0,0,0,Slot,-,Average,1937,
33461,SP,12,VIC CARROLL,,18,USA,"New York, NY","6' 0""",165 lbs,Right,Right,Richmond State,-,Good,CO Freshman,3,NEU,83-85 Mph,Normal (3/4),Normal,,,0,0,0,0,0,0,0,0,0,0,0,0,0,0,0,0,0,0,0,0,0,0,0,0,0,14,14,8,2,0,0,0,94.1,78,2,27,23,25,90,2.19,0.281,1.09,10.1,0.2,7.4,2.4,8.6,3.6,0,0,0,0,2.46,0,3.4,3.5,Slot,-,Average,1937,
33472,3B,15,DICK CARSON,,20,USA,"Chicago, IL","5' 9""",170 lbs,Right,Right,Carolina Poly,-,Great,CO Freshman,1,NEU,80-83 Mph,Normal (3/4),Normal,58,58,294,245,67,12,1,11,45,65,41,29,24,0.273,0.385,0.465,49.4,7.2,0.192,0.371,0.85,0.272,0,1.4,0,13,4,0,0,0,0,0,0,0,0,0,0,0,0,0,0,0,0,0,0,0,0,0,0,0,0,0,0,0,0,0,0,0,Slot,-,Average,1937,
35096,3B,25,VIRGIL CHANDLER,,16,USA,"Peoria, IL","5' 8""",165 lbs,Left,Right,Peoria,-,Average,HS Sophomore,1,FB,80-83 Mph,Normal (3/4),Normal,20,20,102,95,43,10,1,2,30,32,5,3,13,0.453,0.49,0.642,31.8,15.1,0.189,0.49,1.132,0.456,0,1.5,0,18,5,0,0,0,0,0,0,0,0,0,0,0,0,0,0,0,0,0,0,0,0,0,0,0,0,0,0,0,0,0,0,0,Slot,-,Average,1937,
33435,CF,4,ANDY CHASE,,15,USA,"Honolulu, HI","6' 0""",165 lbs,Right,Right,Pahala,-,Average,HS Sophomore,1,FB,80-83 Mph,Over the Top,Normal,27,27,137,111,51,9,1,4,33,45,19,6,14,0.459,0.545,0.667,43.7,17.9,0.207,0.509,1.211,0.461,0,2.3,0,5,2,0,0,0,0,0,0,0,0,0,0,0,0,0,0,0,0,0,0,0,0,0,0,0,0,0,0,0,0,0,0,0,Slot,-,Average,1937,
34185,1B,51,TONY CHEELY,,19,USA,"Philadelphia, PA","6' 3""",200 lbs,Right,Right,Empire State-Albany,-,Average,CO Freshman,1,FB,80-83 Mph,Normal (3/4),Normal,58,58,290,245,72,10,1,10,57,53,38,23,21,0.294,0.389,0.465,48.8,7.4,0.171,0.373,0.854,0.288,0,0.9,0,1,1,0,0,0,0,0,0,0,0,0,0,0,0,0,0,0,0,0,0,0,0,0,0,0,0,0,0,0,0,0,0,0,Slot,-,Average,1937,
37153,CF,7,STAN CHRZANOWSKI,STOSH,16,USA,"Cheektowaga, NY","5' 8""",140 lbs,Right,Right,Seneca,-,Average,HS Sophomore,1,FB,80-83 Mph,Normal (3/4),Normal,21,21,107,90,41,12,2,2,29,31,11,3,16,0.456,0.524,0.7,36.2,17.5,0.244,0.51,1.224,0.453,0,1.8,0,15,4,0,0,0,0,0,0,0,0,0,0,0,0,0,0,0,0,0,0,0,0,0,0,0,0,0,0,0,0,0,0,0,Slot,-,Average,1937,
33448,SP,4,GENE CLEVELAND,,15,USA,"Knoxville, TN","5' 7""",130 lbs,Left,Left,Asheville,-,Average,HS Sophomore,4,NEU,83-85 Mph,Normal (3/4),Normal,8,8,42,37,14,3,2,0,11,10,1,2,5,0.378,0.381,0.568,8.3,7.7,0.189,0.391,0.949,0.368,0,0.3,0,7,3,17,10,5,2,0,0,0,80,64,3,22,18,21,77,2.02,0.25,1.06,9.9,0.3,7.2,2.4,8.7,3.7,0,0,0,0,2.66,0,2.4,2.9,Slot,-,Average,1937,
33382,CF,7,SKINNY CLINE,,15,USA,"San Luis Obispo, CA","5' 11""",155 lbs,Left,Left,Maricopa,-,Average,HS Sophomore,1,FB,80-83 Mph,Normal (3/4),Normal,23,23,117,100,46,12,5,2,27,43,13,6,19,0.46,0.526,0.74,40.5,16.8,0.28,0.521,1.266,0.478,0,2.1,0,23,8,0,0,0,0,0,0,0,0,0,0,0,0,0,0,0,0,0,0,0,0,0,0,0,0,0,0,0,0,0,0,0,Slot,-,Average,1937,
37182,C,8,ETHAN COLTHARP,,16,USA,"New York, NY","6' 4""",200 lbs,Left,Right,Gompers,-,Average,HS Sophomore,1,FB,80-83 Mph,Normal (3/4),Normal,22,22,111,92,38,11,1,3,23,37,14,8,15,0.413,0.495,0.652,32.1,15.2,0.239,0.487,1.148,0.422,0,1.7,0,1,1,0,0,0,0,0,0,0,0,0,0,0,0,0,0,0,0,0,0,0,0,0,0,0,0,0,0,0,0,0,0,0,Slot,-,Average,1937,
34863,2B,23,VINCE CONFORTI,,16,USA,"New York, NY","5' 6""",140 lbs,Right,Right,Jackson,-,Average,HS Sophomore,1,FB,80-83 Mph,Normal (3/4),Normal,24,24,121,108,54,16,0,0,28,38,5,4,16,0.5,0.529,0.648,38.4,17.6,0.148,0.501,1.178,0.509,0,1.9,0,1,1,0,0,0,0,0,0,0,0,0,0,0,0,0,0,0,0,0,0,0,0,0,0,0,0,0,0,0,0,0,0,0,Slot,-,Average,1937,
33443,1B,6,BOB CONRAD,,20,USA,"Mercedes, TX","5' 10""",195 lbs,Right,Right,Gates University,-,Good,CO Freshman,1,NEU,80-83 Mph,Normal (3/4),Normal,56,56,281,242,74,9,0,2,38,46,35,14,11,0.306,0.394,0.368,39,6.1,0.062,0.348,0.762,0.317,0,0.8,0,5,3,0,0,0,0,0,0,0,0,0,0,0,0,0,0,0,0,0,0,0,0,0,0,0,0,0,0,0,0,0,0,0,Slot,-,Average,1937,
33701,1B,1,WALT COOK,,19,USA,"Houston, TX","6' 0""",185 lbs,Left,Left,Opelika State,-,Great,CO Freshman,1,NEU,80-83 Mph,Normal (3/4),Normal,51,51,259,218,63,11,1,8,45,58,34,9,20,0.289,0.389,0.459,42.9,7,0.17,0.372,0.848,0.271,0,1,0,15,7,0,0,0,0,0,0,0,0,0,0,0,0,0,0,0,0,0,0,0,0,0,0,0,0,0,0,0,0,0,0,0,Slot,-,Average,1937,
33698,CF,32,BOB COON,,19,USA,"Kirkwood, MO","5' 9""",145 lbs,Left,Right,St. Magnus,-,Great,CO Freshman,1,FB,80-83 Mph,Normal (3/4),Normal,57,57,289,255,79,14,5,8,56,55,26,3,27,0.31,0.374,0.498,49.8,6.8,0.188,0.373,0.872,0.287,0,1.2,0,40,16,0,0,0,0,0,0,0,0,0,0,0,0,0,0,0,0,0,0,0,0,0,0,0,0,0,0,0,0,0,0,0,Slot,-,Average,1937,
33366,SS,28,EMIL CORNELL,,19,USA,"Portsmouth, VA","5' 10""",170 lbs,Right,Right,Daniel Boone College,-,Great,CO Freshman,1,FB,80-83 Mph,Normal (3/4),Normal,49,49,248,207,59,7,1,4,40,51,32,17,12,0.285,0.391,0.386,39.3,6.7,0.101,0.354,0.778,0.291,0,0.8,0,35,8,0,0,0,0,0,0,0,0,0,0,0,0,0,0,0,0,0,0,0,0,0,0,0,0,0,0,0,0,0,0,0,Slot,-,Average,1937,
37376,1B,5,CLEM COYLE,,16,USA,"Chester, PA","6' 0""",175 lbs,Right,Right,Overbrook,-,Average,HS Sophomore,1,EX FB,80-83 Mph,Normal (3/4),Normal,21,21,109,88,36,14,0,4,26,36,16,8,18,0.409,0.514,0.705,34.7,17.3,0.295,0.513,1.218,0.416,0,1.9,0,2,1,0,0,0,0,0,0,0,0,0,0,0,0,0,0,0,0,0,0,0,0,0,0,0,0,0,0,0,0,0,0,0,Slot,-,Average,1937,
33432,CF,11,AARON CUNNINGHAM,,19,USA,"Eau Claire, WI","5' 10""",160 lbs,Left,Left,Lane State,-,Great,CO Freshman,1,NEU,80-83 Mph,Sidearm,Normal,48,48,243,215,62,6,2,2,42,39,25,14,10,0.288,0.364,0.363,34.1,5.6,0.074,0.329,0.726,0.3,0,0.3,0,34,8,0,0,0,0,0,0,0,0,0,0,0,0,0,0,0,0,0,0,0,0,0,0,0,0,0,0,0,0,0,0,0,Slot,-,Average,1937,
37312,SP,1,PAUL CZERWINSKI,,16,USA,"Pittsburgh, PA","6' 0""",145 lbs,Right,Left,Carrick,-,Average,HS Sophomore,3,NEU,84-86 Mph,Over the Top,Normal,,,0,0,0,0,0,0,0,0,0,0,0,0,0,0,0,0,0,0,0,0,0,0,0,0,0,16,16,9,3,0,0,0,122,102,4,39,37,61,129,2.73,0.272,1.34,12,0.3,7.5,4.5,9.5,2.1,0,0,0,0,3.01,0,3.3,4,Slot,-,Average,1937,
33867,SP,6,JOE D'APRILE,,16,USA,"Annapolis, MD","5' 10""",180 lbs,Switch,Right,Annapolis,-,Average,HS Sophomore,3,FB,85-87 Mph,Normal (3/4),Normal,10,10,51,48,18,7,1,0,12,16,1,7,8,0.375,0.38,0.562,10.3,8.2,0.188,0.391,0.943,0.429,0,0.3,0,5,2,16,16,8,4,0,0,0,122.1,111,5,43,39,46,113,2.87,0.279,1.28,11.8,0.4,8.2,3.4,8.3,2.5,0,0,0,0,3.09,0,3.2,3.5,Slot,-,Average,1937,
33839,1B,12,LLOYD DAVIS,LEFTY,16,USA,"Carteret, NJ","5' 11""",175 lbs,Left,Left,Carteret,-,Average,HS Sophomore,1,FB,80-83 Mph,Sidearm,Normal,26,26,134,114,46,16,0,2,31,34,16,7,18,0.404,0.481,0.596,34.7,13,0.193,0.457,1.077,0.419,0,1.6,0,2,1,0,0,0,0,0,0,0,0,0,0,0,0,0,0,0,0,0,0,0,0,0,0,0,0,0,0,0,0,0,0,0,Slot,-,Average,1937,
33445,LF,32,RED DAVIS,,20,USA,"Darby, PA","6' 2""",205 lbs,Right,Right,Darnell State,-,Great,CO Freshman,1,FB,80-83 Mph,Sidearm,Normal,62,62,314,289,84,11,2,3,53,62,19,8,16,0.291,0.331,0.374,39.5,4.8,0.083,0.31,0.705,0.288,0,-0.2,0,39,12,0,0,0,0,0,0,0,0,0,0,0,0,0,0,0,0,0,0,0,0,0,0,0,0,0,0,0,0,0,0,0,Slot,-,Average,1937,
33851,SS,26,TOM O DAVIS,,16,USA,"Portland, OR","6' 0""",155 lbs,Right,Right,Washington,-,Average,HS Sophomore,1,FB,80-83 Mph,Normal (3/4),Normal,23,23,119,95,42,8,1,0,27,34,13,2,9,0.442,0.526,0.547,33.1,14.6,0.105,0.463,1.073,0.442,0,1.5,0,16,3,0,0,0,0,0,0,0,0,0,0,0,0,0,0,0,0,0,0,0,0,0,0,0,0,0,0,0,0,0,0,0,Slot,-,Average,1937,
33370,SP,5,TOMMY DAVIS,,19,USA,"New York, NY","6' 3""",190 lbs,Right,Right,Central Ohio,-,Great,CO Freshman,3,EX GB,83-85 Mph,Normal (3/4),GB'er,,,0,0,0,0,0,0,0,0,0,0,0,0,0,0,0,0,0,0,0,0,0,0,0,0,0,14,14,5,5,0,0,0,93,95,1,44,43,56,50,4.16,0.303,1.62,14.6,0.1,9.2,5.4,4.8,0.9,0,0,0,0,4.07,0,1.2,1.4,Slot,-,Average,1937,
34180,C,14,VINCE DAVIS,,20,USA,"New York, NY","5' 10""",180 lbs,Right,Right,Noble Jones College,-,Great,CO Freshman,1,FB,80-83 Mph,Normal (3/4),Normal,52,52,261,227,59,9,1,3,42,44,32,23,13,0.26,0.349,0.348,30.6,4.8,0.088,0.318,0.697,0.276,0,-0.5,0,1,1,0,0,0,0,0,0,0,0,0,0,0,0,0,0,0,0,0,0,0,0,0,0,0,0,0,0,0,0,0,0,0,Slot,-,Average,1937,
33882,SP,4,CHET DAVISON,,16,USA,"San Diego, CA","5' 9""",150 lbs,Right,Right,San Diego,-,Average,HS Sophomore,3,EX GB,86-88 Mph,Normal (3/4),GB'er,7,7,39,33,11,3,1,0,12,8,1,4,4,0.333,0.361,0.485,6,6,0.152,0.335,0.846,0.367,0,0.1,0,2,1,15,9,4,1,0,0,0,72.2,52,1,17,15,28,88,1.86,0.262,1.1,10.3,0.1,6.4,3.5,10.9,3.1,0,0,0,0,2.24,0,2.7,3,Slot,-,Average,1937,
33420,C,4,HARRY DEAN,,19,USA,"Alameda, CA","6' 3""",215 lbs,Switch,Right,Eastern State,-,Great,CO Freshman,1,FB,80-83 Mph,Sidearm,Normal,44,44,220,189,50,7,0,1,34,36,27,18,8,0.265,0.364,0.317,25,4.7,0.053,0.319,0.681,0.287,0,0,0,4,2,0,0,0,0,0,0,0,0,0,0,0,0,0,0,0,0,0,0,0,0,0,0,0,0,0,0,0,0,0,0,0,Slot,-,Average,1937,
34197,RF,10,STEVE DEMARTINI,,19,USA,"Murfreesboro, TN","5' 10""",155 lbs,Left,Right,St. Ignatius,-,Great,CO Freshman,1,NEU,80-83 Mph,Over the Top,Normal,40,40,203,186,49,10,4,5,33,44,14,20,19,0.263,0.32,0.441,31.5,5.9,0.177,0.33,0.761,0.272,0,-0.3,0,38,5,0,0,0,0,0,0,0,0,0,0,0,0,0,0,0,0,0,0,0,0,0,0,0,0,0,0,0,0,0,0,0,Slot,-,Average,1937,
37662,RF,19,DOM DISABATINO,,16,USA,"Youngstown, OH","5' 7""",165 lbs,Left,Left,South,-,Average,HS Sophomore,1,FB,80-83 Mph,Normal (3/4),Normal,22,22,113,92,40,10,1,5,30,33,17,6,16,0.435,0.536,0.728,39.7,19.5,0.293,0.529,1.264,0.432,0,2.1,0,9,2,0,0,0,0,0,0,0,0,0,0,0,0,0,0,0,0,0,0,0,0,0,0,0,0,0,0,0,0,0,0,0,Slot,-,Average,1937,
33459,RP,7,TONY DIXON,,14,USA,"Detroit, MI","5' 6""",120 lbs,Right,Right,Bay City,-,Average,HS Sophomore,3,EX GB,83-85 Mph,Over the Top,GB'er,6,6,32,28,10,2,2,0,11,8,0,4,4,0.357,0.323,0.571,5,5.7,0.214,0.344,0.894,0.37,0,0.1,0,4,2,14,7,3,1,1,0,0,59.1,40,0,10,7,10,84,1.06,0.284,0.84,7.9,0,6.1,1.5,12.7,8.4,0,0,0,0,0.98,0,3.4,2.9,Slot,-,Average,1937,
35063,SP,30,PAUL DONOHO,,17,USA,"Brooklyn, NY","6' 1""",155 lbs,Right,Right,Norristown,-,Average,HS Sophomore,3,NEU,84-86 Mph,Normal (3/4),Normal,22,22,113,110,46,12,2,0,25,37,1,4,14,0.418,0.416,0.564,26.2,10.6,0.145,0.421,0.98,0.426,0,1,0,2,1,14,14,8,3,0,0,0,116,82,3,31,29,60,125,2.25,0.245,1.22,11.2,0.2,6.4,4.7,9.7,2.1,0,0,0,0,2.98,0,3.2,4.7,Slot,-,Average,1937,
34679,3B,2,WHITEY DORSCH,,16,USA,"Moline, IL","6' 1""",180 lbs,Right,Right,Moline,-,Average,HS Sophomore,1,FB,80-83 Mph,Sidearm,Normal,24,24,124,92,46,13,1,3,30,35,25,2,17,0.5,0.612,0.761,47,24.9,0.261,0.564,1.372,0.489,0,2.7,0,1,1,0,0,0,0,0,0,0,0,0,0,0,0,0,0,0,0,0,0,0,0,0,0,0,0,0,0,0,0,0,0,0,Slot,-,Average,1937,
37365,SS,20,HERB DORSEY,,16,USA,"Auburn, NY","5' 8""",140 lbs,Right,Right,Friendship,-,Average,HS Sophomore,1,NEU,80-83 Mph,Sidearm,Normal,24,24,124,100,45,14,1,4,29,35,17,7,19,0.45,0.545,0.73,43.5,18.6,0.28,0.527,1.275,0.461,0,2.3,0,16,5,0,0,0,0,0,0,0,0,0,0,0,0,0,0,0,0,0,0,0,0,0,0,0,0,0,0,0,0,0,0,0,Slot,-,Average,1937,
33376,C,20,BOB DOW,,20,USA,"Chicago, IL","5' 11""",190 lbs,Left,Right,Bluegrass State,-,Great,CO Freshman,1,NEU,80-83 Mph,Normal (3/4),Normal,43,43,218,181,46,10,0,2,22,34,33,23,12,0.254,0.373,0.343,26.7,5.2,0.088,0.331,0.716,0.28,0,0.3,0,1,1,0,0,0,0,0,0,0,0,0,0,0,0,0,0,0,0,0,0,0,0,0,0,0,0,0,0,0,0,0,0,0,Slot,-,Average,1937,
33447,3B,2,WALT DOWDY,,15,USA,"Bonham, TX","6' 0""",165 lbs,Left,Right,Lancaster,-,Average,HS Sophomore,1,FB,80-83 Mph,Over the Top,Normal,24,24,123,101,43,12,0,1,23,31,17,3,13,0.426,0.516,0.574,33.9,14.5,0.149,0.474,1.091,0.429,0,1.7,0,10,3,0,0,0,0,0,0,0,0,0,0,0,0,0,0,0,0,0,0,0,0,0,0,0,0,0,0,0,0,0,0,0,Slot,-,Average,1937,
33836,SP,23,LARRY DUFFNEY,,16,USA,"Hamtramck, MI","5' 10""",165 lbs,Right,Right,Hamtramck,-,Average,HS Sophomore,3,NEU,83-85 Mph,Normal (3/4),Normal,26,26,132,128,47,7,2,1,27,34,3,10,10,0.367,0.379,0.477,23.5,7.6,0.109,0.373,0.855,0.39,0,0.7,0,2,1,13,13,9,1,0,0,0,108.2,90,4,29,28,38,109,2.32,0.261,1.18,10.7,0.3,7.5,3.1,9,2.9,0,0,0,0,2.75,0,3.4,4.4,Slot,-,Average,1937,
33489,SP,18,LOU EAKER,,19,USA,"Akron, OH","6' 5""",200 lbs,Right,Right,Miami State,-,Great,CO Freshman,4,NEU,83-85 Mph,Normal (3/4),Normal,,,0,0,0,0,0,0,0,0,0,0,0,0,0,0,0,0,0,0,0,0,0,0,0,0,0,19,19,5,9,0,0,0,130,136,8,71,68,75,83,4.71,0.307,1.62,14.7,0.6,9.4,5.2,5.7,1.1,0,0,0,0,4.5,0,1,1,Slot,-,Average,1937,
33847,3B,9,FRED EARLY,,16,USA,"New York, NY","5' 10""",190 lbs,Right,Right,Brandeis,-,Average,HS Sophomore,1,FB,80-83 Mph,Normal (3/4),Normal,22,22,113,96,43,10,0,3,29,37,11,3,13,0.448,0.518,0.646,34,16.4,0.198,0.497,1.164,0.44,0,1.8,0,1,1,0,0,0,0,0,0,0,0,0,0,0,0,0,0,0,0,0,0,0,0,0,0,0,0,0,0,0,0,0,0,0,Slot,-,Average,1937,
37393,SP,14,DON EGBERT,,16,USA,"Bangor, ME","6' 0""",170 lbs,Right,Right,Bangor,-,Average,HS Sophomore,4,NEU,84-86 Mph,Normal (3/4),Normal,26,26,134,128,55,10,2,3,33,42,1,4,15,0.43,0.429,0.609,33.9,11.6,0.18,0.439,1.038,0.419,0,1.4,0,4,2,16,16,9,2,0,0,0,107.1,83,5,29,26,39,117,2.18,0.25,1.14,10.4,0.4,7,3.3,9.8,3,0,0,0,0,2.77,0,3.3,4.2,Slot,-,Average,1937,
33463,3B,1,FABIAN ELLIS,,15,USA,"Cornelius, OR","5' 9""",155 lbs,Right,Right,Salem,-,Average,HS Sophomore,1,FB,80-83 Mph,Normal (3/4),Normal,26,26,134,109,44,15,1,4,30,35,20,5,20,0.404,0.5,0.67,40.2,16,0.266,0.494,1.17,0.392,0,2.1,0,3,1,0,0,0,0,0,0,0,0,0,0,0,0,0,0,0,0,0,0,0,0,0,0,0,0,0,0,0,0,0,0,0,Slot,-,Average,1937,
33434,RF,15,BERNIE ELLISON,,15,USA,"Butte, MT","6' 1""",170 lbs,Left,Left,Pocatello,-,Average,HS Sophomore,1,NEU,80-83 Mph,Normal (3/4),Normal,26,26,133,107,48,13,1,3,27,41,20,5,17,0.449,0.538,0.673,43.8,17.4,0.224,0.506,1.211,0.45,0,2.2,0,19,5,0,0,0,0,0,0,0,0,0,0,0,0,0,0,0,0,0,0,0,0,0,0,0,0,0,0,0,0,0,0,0,Slot,-,Average,1937,
33830,C,22,HUGH ELSASSER,,16,USA,"New York, NY","5' 8""",165 lbs,Right,Right,Yonkers,-,Average,HS Sophomore,1,FB,80-83 Mph,Normal (3/4),Normal,24,24,124,112,53,15,0,1,30,49,6,4,16,0.473,0.492,0.634,36.4,15.1,0.161,0.475,1.126,0.473,0,1.7,0,2,1,0,0,0,0,0,0,0,0,0,0,0,0,0,0,0,0,0,0,0,0,0,0,0,0,0,0,0,0,0,0,0,Slot,-,Average,1937,
33645,LF,15,JOE N EVANS,,19,USA,"Toledo, OH","6' 0""",180 lbs,Left,Left,Eastern Florida,-,Good,CO Freshman,1,FB,80-83 Mph,Over the Top,Normal,61,61,305,258,68,11,1,11,49,52,40,37,23,0.264,0.366,0.442,47.5,6.5,0.178,0.355,0.808,0.269,0,0.8,0,13,3,0,0,0,0,0,0,0,0,0,0,0,0,0,0,0,0,0,0,0,0,0,0,0,0,0,0,0,0,0,0,0,Slot,-,Average,1937,
33479,RF,25,JACK FISHER,,14,USA,"Celina, TN","6' 0""",160 lbs,Left,Left,Bell Academy,-,Average,HS Sophomore,1,NEU,80-83 Mph,Over the Top,Normal,22,22,111,89,38,7,3,3,26,37,15,6,13,0.427,0.5,0.674,30.6,12,0.247,0.48,1.174,0.422,0,1.6,0,26,12,0,0,0,0,0,0,0,0,0,0,0,0,0,0,0,0,0,0,0,0,0,0,0,0,0,0,0,0,0,0,0,Slot,-,Average,1937,
35021,SP,17,WALTER FISHER,,16,USA,"Alexandria, VA","5' 11""",165 lbs,Left,Right,Alexandria,-,Average,HS Sophomore,3,NEU,84-86 Mph,Over the Top,Normal,9,9,48,42,15,5,2,0,13,13,1,8,7,0.357,0.362,0.571,8.6,6.6,0.214,0.375,0.933,0.405,0,0.2,0,10,4,14,14,6,3,0,0,0,103,83,4,41,37,69,99,3.23,0.252,1.48,13.5,0.3,7.3,6,8.7,1.4,0,0,0,0,3.85,0,1.6,2.4,Slot,-,Average,1937,
33854,SP,25,ED FISLER,,15,USA,"Rocky Mount, NC","5' 8""",160 lbs,Left,Left,Rocky Mount,-,Average,HS Sophomore,3,NEU,85-87 Mph,Normal (3/4),Normal,9,9,49,45,16,5,0,0,9,11,1,3,5,0.356,0.354,0.467,7.6,5.8,0.111,0.343,0.821,0.364,0,0.1,0,7,3,15,15,8,2,0,0,0,108,92,4,28,27,28,120,2.25,0.288,1.11,10.2,0.3,7.7,2.3,10,4.3,0,0,0,0,2.32,0,4.1,4.4,Slot,-,Average,1937,
37243,LF,1,DON FLEMING,,16,USA,"Asheville, NC","6' 0""",165 lbs,Right,Right,Boone,-,Average,HS Sophomore,1,FB,80-83 Mph,Normal (3/4),Normal,21,21,105,91,41,10,3,2,25,35,11,5,15,0.451,0.514,0.692,35.1,17.2,0.242,0.512,1.207,0.459,0,1.8,0,13,4,0,0,0,0,0,0,0,0,0,0,0,0,0,0,0,0,0,0,0,0,0,0,0,0,0,0,0,0,0,0,0,Slot,-,Average,1937,
33453,3B,10,EDDIE FOSTER,,15,USA,"New York, NY","5' 10""",155 lbs,Right,Right,Bowling Green,-,Average,HS Sophomore,1,FB,80-83 Mph,Normal (3/4),Normal,25,25,125,110,47,13,6,0,27,38,12,1,19,0.427,0.484,0.655,37.3,14.6,0.227,0.481,1.138,0.427,0,1.8,0,13,4,0,0,0,0,0,0,0,0,0,0,0,0,0,0,0,0,0,0,0,0,0,0,0,0,0,0,0,0,0,0,0,Slot,-,Average,1937,
33391,LF,2,BUDDY FRAZIER,,15,USA,"Philadelphia, PA","5' 10""",160 lbs,Left,Left,Havre de Grace,-,Average,HS Sophomore,1,NEU,80-83 Mph,Over the Top,Normal,22,22,110,93,40,14,1,1,22,29,12,6,16,0.43,0.481,0.634,30.4,13.7,0.204,0.465,1.116,0.438,0,1.4,0,4,2,0,0,0,0,0,0,0,0,0,0,0,0,0,0,0,0,0,0,0,0,0,0,0,0,0,0,0,0,0,0,0,Slot,-,Average,1937,
33425,2B,23,VIC FRAZIER,,19,USA,"Portland, OR","5' 6""",145 lbs,Right,Right,Kit Carson University,-,Good,CO Freshman,1,EX FB,80-83 Mph,Normal (3/4),Normal,54,54,273,225,69,9,2,6,38,54,43,18,17,0.307,0.417,0.444,48.9,7.7,0.138,0.383,0.861,0.31,0,1.6,0,36,12,0,0,0,0,0,0,0,0,0,0,0,0,0,0,0,0,0,0,0,0,0,0,0,0,0,0,0,0,0,0,0,Slot,-,Average,1937,
33388,CF,21,WILLIS FRAZIER,,15,USA,"Richmond, VA","5' 8""",145 lbs,Right,Right,Ahoskie,-,Average,HS Sophomore,1,FB,80-83 Mph,Sidearm,Normal,20,20,102,86,44,10,1,0,24,35,13,1,11,0.512,0.574,0.651,36.9,20.4,0.14,0.527,1.225,0.512,0,1.9,0,20,5,0,0,0,0,0,0,0,0,0,0,0,0,0,0,0,0,0,0,0,0,0,0,0,0,0,0,0,0,0,0,0,Slot,-,Average,1937,
33477,SP,23,RAY FREEMAN,,14,USA,"Randolph, MA","6' 4""",170 lbs,Right,Right,Stoneham,-,Average,HS Sophomore,3,NEU,83-85 Mph,Over the Top,Normal,8,8,42,39,15,3,1,1,10,14,1,6,5,0.385,0.405,0.59,9.1,8.7,0.205,0.421,0.995,0.424,0,0.4,0,6,3,13,13,8,2,0,0,0,109,101,4,33,31,29,97,2.56,0.282,1.19,10.9,0.3,8.3,2.4,8,3.3,0,0,0,0,2.75,0,3.4,3.9,Slot,-,Average,1937,
33387,CF,3,FABIAN FRITTER,,19,USA,"Gloucester, MA","5' 10""",160 lbs,Right,Right,St. Blane College,-,Great,CO Freshman,1,NEU,80-83 Mph,Normal (3/4),Normal,62,62,314,280,89,12,6,1,57,63,31,3,19,0.318,0.383,0.414,50.5,6.7,0.096,0.355,0.798,0.317,0,1.1,0,33,9,0,0,0,0,0,0,0,0,0,0,0,0,0,0,0,0,0,0,0,0,0,0,0,0,0,0,0,0,0,0,0,Slot,-,Average,1937,
37203,3B,20,WALLY FULLER,,16,USA,"New York, NY","5' 8""",145 lbs,Right,Right,Collegiate,-,Average,HS Sophomore,1,NEU,80-83 Mph,Normal (3/4),Normal,24,24,124,88,44,14,0,5,30,36,27,1,19,0.5,0.636,0.83,51.9,29.2,0.33,0.593,1.466,0.476,0,3,0,3,1,0,0,0,0,0,0,0,0,0,0,0,0,0,0,0,0,0,0,0,0,0,0,0,0,0,0,0,0,0,0,0,Slot,-,Average,1937,
34347,3B,7,FRED GALLIVAN,FROG,20,USA,"Gary, IN","6' 1""",185 lbs,Right,Right,Piedmont University,-,Good,CO Freshman,1,NEU,80-83 Mph,Over the Top,Normal,56,56,282,254,71,12,6,4,48,47,24,18,22,0.28,0.349,0.421,41.7,5.8,0.142,0.339,0.77,0.289,0,0.1,0,34,9,0,0,0,0,0,0,0,0,0,0,0,0,0,0,0,0,0,0,0,0,0,0,0,0,0,0,0,0,0,0,0,Slot,-,Average,1937,
37157,C,15,NEIL GEIST,,16,USA,"Williamsport, PA","6' 0""",205 lbs,Right,Right,Williamsport,-,Average,HS Sophomore,1,NEU,80-83 Mph,Normal (3/4),Normal,23,23,118,105,42,13,0,1,24,30,11,7,14,0.4,0.453,0.552,28.2,11.2,0.152,0.434,1.005,0.418,0,1.2,0,9,3,0,0,0,0,0,0,0,0,0,0,0,0,0,0,0,0,0,0,0,0,0,0,0,0,0,0,0,0,0,0,0,Slot,-,Average,1937,
37330,LF,9,HANK GIORDANO,GASSER,16,USA,"Crisfield, MD","5' 9""",160 lbs,Right,Right,Crisfield,-,Average,HS Sophomore,1,NEU,80-83 Mph,Normal (3/4),Normal,25,25,125,110,56,16,7,1,30,51,10,3,24,0.509,0.549,0.809,58.1,26.6,0.3,0.556,1.358,0.514,0,2.6,0,31,1,0,0,0,0,0,0,0,0,0,0,0,0,0,0,0,0,0,0,0,0,0,0,0,0,0,0,0,0,0,0,0,Slot,-,Average,1937,
33423,RF,13,LLOYD GIVENS,,15,USA,"Johnstown, PA","5' 11""",160 lbs,Switch,Left,Greensburg,-,Average,HS Sophomore,1,FB,80-83 Mph,Over the Top,Normal,20,20,104,78,36,14,0,2,25,31,19,3,16,0.462,0.564,0.718,36.1,19.9,0.256,0.523,1.282,0.453,0,1.9,0,8,2,0,0,0,0,0,0,0,0,0,0,0,0,0,0,0,0,0,0,0,0,0,0,0,0,0,0,0,0,0,0,0,Slot,-,Average,1937,
37601,CF,15,DANNY GOFF JR.,,19,USA,"Brooklyn, NY","5' 10""",145 lbs,Left,Right,Hempstead,-,Good,CO Freshman,3,FB,87-89 Mph,Over the Top,Normal,61,61,305,276,103,15,8,2,53,64,21,4,25,0.373,0.426,0.507,64.3,9.3,0.134,0.409,0.933,0.371,0,2.5,0,35,12,0,0,0,0,0,0,0,0,0,0,0,0,0,0,0,0,0,0,0,0,0,0,0,0,0,0,0,0,0,0,0,Slot,-,Average,1937,
37377,C,8,HENRY GOLDBERG,,15,USA,"Elizabeth, NJ","5' 10""",195 lbs,Right,Right,Elizabeth,-,Average,HS Sophomore,1,EX FB,80-83 Mph,Normal (3/4),Normal,25,25,127,109,47,12,2,0,24,33,11,8,14,0.431,0.484,0.578,32.8,12.8,0.147,0.456,1.062,0.452,0,1.5,0,6,3,0,0,0,0,0,0,0,0,0,0,0,0,0,0,0,0,0,0,0,0,0,0,0,0,0,0,0,0,0,0,0,Slot,-,Average,1937,
33441,SS,12,TOM GORE,,15,USA,"Charleston, SC","5' 11""",155 lbs,Switch,Right,Estill,-,Average,HS Sophomore,1,NEU,80-83 Mph,Normal (3/4),Normal,22,22,110,94,41,10,0,0,23,33,15,4,10,0.436,0.518,0.543,30.2,13.8,0.106,0.471,1.061,0.456,0,1.5,0,19,6,0,0,0,0,0,0,0,0,0,0,0,0,0,0,0,0,0,0,0,0,0,0,0,0,0,0,0,0,0,0,0,Slot,-,Average,1937,
37036,SP,2,BILL GRALL,,15,USA,"Baltimore, MD","6' 4""",170 lbs,Right,Right,Catonsville,-,Average,HS Sophomore,4,NEU,85-87 Mph,Normal (3/4),Normal,21,21,106,102,36,11,0,0,20,32,1,13,11,0.353,0.356,0.461,16.8,6.3,0.108,0.348,0.817,0.4,0,0.3,0,7,3,16,16,8,3,0,0,0,110,97,4,33,30,33,114,2.45,0.289,1.18,10.7,0.3,7.9,2.7,9.3,3.5,0,0,0,0,2.53,0,3.8,3.9,Slot,-,Average,1937,
33367,RF,17,WALLY GRAVES,,15,USA,"Maryville, TN","6' 0""",155 lbs,Left,Left,Rogersville,-,Average,HS Sophomore,3,NEU,75-80 Mph,Normal (3/4),Normal,25,25,129,102,47,11,5,2,32,35,17,6,18,0.461,0.556,0.725,45.9,18.8,0.265,0.529,1.281,0.474,0,2.4,0,23,7,0,0,0,0,0,0,0,0,0,0,0,0,0,0,0,0,0,0,0,0,0,0,0,0,0,0,0,0,0,0,0,Slot,-,Average,1937,
37372,C,1,JASPER GRAY,,16,USA,"Atlanta, GA","6' 2""",205 lbs,Right,Right,Atlanta,-,Average,HS Sophomore,1,NEU,80-83 Mph,Normal (3/4),Normal,25,25,129,106,43,15,1,2,28,32,15,5,18,0.406,0.476,0.623,34.3,12.9,0.217,0.456,1.099,0.402,0,1.6,0,8,3,0,0,0,0,0,0,0,0,0,0,0,0,0,0,0,0,0,0,0,0,0,0,0,0,0,0,0,0,0,0,0,Slot,-,Average,1937,
37543,SP,33,ADAM GRAYSON,,16,USA,"Paterson, NJ","5' 11""",170 lbs,Right,Right,Paterson,-,Average,HS Sophomore,4,NEU,86-88 Mph,Over the Top,Normal,9,9,49,42,15,7,1,1,11,14,1,4,9,0.357,0.37,0.643,10.3,8.5,0.286,0.389,1.012,0.359,0,0.3,0,3,1,14,14,7,3,0,0,0,101,78,3,27,23,34,136,2.05,0.29,1.11,10.2,0.3,7,3,12.1,4,0,0,0,0,1.99,0,4.4,4,Slot,-,Average,1937,
33437,CF,24,BILL GREENE,,20,USA,"Providence, RI","5' 11""",165 lbs,Left,Right,Brooklyn Catholic,-,Good,CO Freshman,1,FB,80-83 Mph,Normal (3/4),Normal,50,50,253,212,65,10,9,8,43,54,32,14,27,0.307,0.412,0.552,53.9,9.2,0.245,0.41,0.964,0.3,0,2.1,0,32,9,0,0,0,0,0,0,0,0,0,0,0,0,0,0,0,0,0,0,0,0,0,0,0,0,0,0,0,0,0,0,0,Slot,-,Average,1937,
37073,SS,23,BOB GRIFFIN,,16,USA,"Cleveland, OH","5' 11""",170 lbs,Right,Right,East Cleveland,-,Average,HS Sophomore,1,FB,80-83 Mph,Normal (3/4),Normal,27,27,136,116,54,14,5,1,33,50,13,2,20,0.466,0.511,0.698,45.2,16.7,0.233,0.499,1.21,0.457,0,2.2,0,19,5,0,0,0,0,0,0,0,0,0,0,0,0,0,0,0,0,0,0,0,0,0,0,0,0,0,0,0,0,0,0,0,Slot,-,Average,1937,
33428,RF,22,WALTER GRIFFIN,,15,USA,"Tuckahoe, NY","5' 11""",160 lbs,Left,Left,Long Island City,-,Average,HS Sophomore,1,FB,80-83 Mph,Normal (3/4),Normal,26,26,132,107,49,12,5,3,29,42,20,4,20,0.458,0.546,0.748,46.4,18.1,0.29,0.534,1.294,0.455,0,2.5,0,19,8,0,0,0,0,0,0,0,0,0,0,0,0,0,0,0,0,0,0,0,0,0,0,0,0,0,0,0,0,0,0,0,Slot,-,Average,1937,
33450,3B,31,CECIL GUST,,15,USA,"Brooklyn, NY","5' 10""",160 lbs,Left,Right,Madison,-,Average,HS Sophomore,1,FB,80-83 Mph,Over the Top,Normal,21,21,108,92,45,12,2,0,24,31,11,2,14,0.489,0.543,0.663,35.3,18,0.174,0.505,1.206,0.495,0,1.8,0,6,2,0,0,0,0,0,0,0,0,0,0,0,0,0,0,0,0,0,0,0,0,0,0,0,0,0,0,0,0,0,0,0,Slot,-,Average,1937,
33458,SP,31,CHARLIE HARLAN,,14,USA,"Nashville, TN","5' 10""",145 lbs,Left,Left,Nashville Christian,-,Average,HS Sophomore,3,NEU,83-85 Mph,Normal (3/4),Normal,,,0,0,0,0,0,0,0,0,0,0,0,0,0,0,0,0,0,0,0,0,0,0,0,0,0,15,15,8,2,0,0,0,104,89,4,28,26,29,115,2.25,0.279,1.13,10.4,0.3,7.7,2.5,10,4,0,0,0,0,2.38,0,3.8,4.1,Slot,-,Average,1937,
33399,1B,11,GEORGE HARRIS,,16,USA,"Boston, MA","6' 1""",200 lbs,Left,Left,Northampton,-,Average,HS Sophomore,1,EX FB,80-83 Mph,Normal (3/4),Normal,22,22,110,87,40,12,2,1,22,33,16,7,15,0.46,0.556,0.678,35.8,19,0.218,0.518,1.234,0.487,0,1.9,0,2,1,0,0,0,0,0,0,0,0,0,0,0,0,0,0,0,0,0,0,0,0,0,0,0,0,0,0,0,0,0,0,0,Slot,-,Average,1937,
35027,3B,16,HARRY HARRIS,,16,USA,"Louisville, KY","5' 11""",175 lbs,Switch,Right,DuPont Manual,-,Average,HS Sophomore,1,NEU,80-83 Mph,Normal (3/4),Normal,21,21,107,86,43,14,0,4,27,34,14,4,18,0.5,0.571,0.802,43.6,24.5,0.302,0.561,1.374,0.487,0,2.3,0,7,1,0,0,0,0,0,0,0,0,0,0,0,0,0,0,0,0,0,0,0,0,0,0,0,0,0,0,0,0,0,0,0,Slot,-,Average,1937,
35338,CF,3,JOHN HARRIS,,19,CAN,"Shelburne, ON","6' 0""",170 lbs,Right,Right,Columbia Military Academy,-,Great,CO Freshman,1,FB,80-83 Mph,Normal (3/4),Normal,46,46,233,209,55,8,0,0,29,44,16,14,8,0.263,0.317,0.301,22.4,3.7,0.038,0.28,0.619,0.278,0,-1.4,0,5,2,0,0,0,0,0,0,0,0,0,0,0,0,0,0,0,0,0,0,0,0,0,0,0,0,0,0,0,0,0,0,0,Slot,-,Average,1937,
33674,1B,27,JACK HARTMAN,,19,USA,"Niagara Falls, NY","6' 4""",205 lbs,Right,Right,Bluegrass State,-,Great,CO Freshman,1,NEU,80-83 Mph,Normal (3/4),Normal,44,44,222,191,52,11,1,7,33,49,28,11,19,0.272,0.368,0.45,35,6.6,0.178,0.358,0.818,0.26,0,0.6,0,7,2,0,0,0,0,0,0,0,0,0,0,0,0,0,0,0,0,0,0,0,0,0,0,0,0,0,0,0,0,0,0,0,Slot,-,Average,1937,
33844,2B,25,EDDIE HARVEY,,16,USA,"Brooklyn, NY","5' 9""",140 lbs,Right,Right,Maynardville,-,Average,HS Sophomore,1,NEU,80-83 Mph,Normal (3/4),Normal,20,20,104,88,35,11,0,0,20,25,12,5,11,0.398,0.485,0.523,24.4,11.3,0.125,0.444,1.008,0.422,0,1.2,0,9,4,0,0,0,0,0,0,0,0,0,0,0,0,0,0,0,0,0,0,0,0,0,0,0,0,0,0,0,0,0,0,0,Slot,-,Average,1937,
33403,C,4,HUGH HARVEY,,15,USA,"Los Angeles, CA","5' 9""",160 lbs,Switch,Right,Taft,-,Average,HS Sophomore,1,FB,80-83 Mph,Normal (3/4),Normal,21,21,107,93,39,7,0,0,21,31,11,6,7,0.419,0.495,0.495,24.6,11.5,0.075,0.445,0.99,0.448,0,1.2,0,8,4,0,0,0,0,0,0,0,0,0,0,0,0,0,0,0,0,0,0,0,0,0,0,0,0,0,0,0,0,0,0,0,Slot,-,Average,1937,
37422,RF,24,DAVE HAWKINS,,16,USA,"Brooklyn, NY","6' 0""",170 lbs,Left,Left,Midwood,-,Average,HS Sophomore,1,FB,80-83 Mph,Normal (3/4),Normal,24,24,124,104,42,11,2,1,24,39,15,8,14,0.404,0.492,0.577,32,13.3,0.173,0.459,1.069,0.432,0,1.6,0,3,1,0,0,0,0,0,0,0,0,0,0,0,0,0,0,0,0,0,0,0,0,0,0,0,0,0,0,0,0,0,0,0,Slot,-,Average,1937,
33649,SS,33,BILL HAYES,,19,USA,"Joplin, MO","6' 2""",170 lbs,Right,Right,Huntington State,-,Great,CO Freshman,1,FB,80-83 Mph,Over the Top,Normal,61,61,306,278,84,10,2,0,40,67,25,3,12,0.302,0.359,0.353,41,5.5,0.05,0.324,0.712,0.303,0,-0.1,0,31,7,0,0,0,0,0,0,0,0,0,0,0,0,0,0,0,0,0,0,0,0,0,0,0,0,0,0,0,0,0,0,0,Slot,-,Average,1937,
37545,SP,25,ELMER HELFINGER,,16,USA,"Homer, GA","5' 11""",160 lbs,Right,Right,Homer,-,Average,HS Sophomore,3,NEU,87-89 Mph,Normal (3/4),Normal,25,25,127,122,42,12,1,3,25,37,3,8,16,0.344,0.365,0.533,23.8,7.8,0.189,0.383,0.898,0.351,0,0.7,0,1,1,14,14,8,3,0,0,0,105,76,4,24,22,36,112,1.89,0.242,1.07,9.7,0.3,6.5,3.1,9.6,3.1,0,0,0,0,2.62,0,3.5,4.8,Slot,-,Average,1937,
33374,SS,7,JOHNNY HENSON,,20,USA,"Bristol, PA","5' 10""",165 lbs,Right,Right,Pittsburgh State,-,Great,CO Freshman,1,FB,80-83 Mph,Sidearm,Normal,53,53,266,228,62,10,5,7,46,44,35,20,22,0.272,0.37,0.452,44.4,6.7,0.18,0.36,0.822,0.272,0,1,0,40,10,0,0,0,0,0,0,0,0,0,0,0,0,0,0,0,0,0,0,0,0,0,0,0,0,0,0,0,0,0,0,0,Slot,-,Average,1937,
33833,SP,16,JOE HESS,,15,USA,"Albany, NY","5' 11""",180 lbs,Left,Left,Albany,-,Average,HS Sophomore,3,GB,84-86 Mph,Over the Top,GB'er,23,23,119,104,40,9,2,3,28,35,10,8,14,0.385,0.432,0.596,28.6,11.2,0.212,0.433,1.028,0.385,0,1.2,0,2,1,16,16,8,3,0,0,0,109.2,78,2,28,26,52,134,2.13,0.26,1.19,10.9,0.2,6.4,4.3,11,2.6,0,0,0,0,2.5,0,3.8,4.5,Slot,-,Average,1937,
33763,C,31,STAN HILL,,16,USA,"New York, NY","5' 10""",160 lbs,Right,Right,Forest Hills,-,Average,HS Sophomore,1,FB,80-83 Mph,Normal (3/4),Normal,25,25,127,106,48,15,0,1,25,39,12,2,16,0.453,0.508,0.623,35.9,14.9,0.17,0.474,1.131,0.443,0,1.7,0,1,1,0,0,0,0,0,0,0,0,0,0,0,0,0,0,0,0,0,0,0,0,0,0,0,0,0,0,0,0,0,0,0,Slot,-,Average,1937,
33474,SP,2,BOB HOBBS,,15,USA,"Jackson, MS","5' 11""",150 lbs,Left,Left,Brookhaven,-,Average,HS Sophomore,3,NEU,83-85 Mph,Normal (3/4),Normal,,,0,0,0,0,0,0,0,0,0,0,0,0,0,0,0,0,0,0,0,0,0,0,0,0,0,14,14,7,2,0,0,0,97,72,2,23,19,31,115,1.76,0.263,1.06,9.6,0.2,6.7,2.9,10.7,3.7,0,0,0,0,2.06,0,4.1,4.2,Slot,-,Average,1937,
37585,1B,6,ERNIE HOFFMAN,,16,USA,"Norwalk, CT","5' 10""",190 lbs,Left,Left,Norwalk,-,Average,HS Sophomore,1,FB,80-83 Mph,Normal (3/4),Normal,24,24,124,96,39,12,0,3,23,30,18,4,15,0.406,0.532,0.625,35.9,16.5,0.219,0.5,1.157,0.4,0,2,0,2,1,0,0,0,0,0,0,0,0,0,0,0,0,0,0,0,0,0,0,0,0,0,0,0,0,0,0,0,0,0,0,0,Slot,-,Average,1937,
33859,SS,17,PETE HOLDEN,,16,USA,"Millville, NJ","5' 6""",145 lbs,Right,Right,Millville,-,Average,HS Sophomore,1,FB,80-83 Mph,Normal (3/4),Normal,26,26,131,115,47,14,3,0,24,42,13,8,17,0.409,0.477,0.583,35.5,13.1,0.174,0.457,1.06,0.439,0,1.6,0,17,4,0,0,0,0,0,0,0,0,0,0,0,0,0,0,0,0,0,0,0,0,0,0,0,0,0,0,0,0,0,0,0,Slot,-,Average,1937,
33864,SP,25,BUD HUGHES,,15,USA,"Charlotte, NC","5' 11""",170 lbs,Right,Right,Charlotte,-,Average,HS Sophomore,3,NEU,84-86 Mph,Normal (3/4),Normal,25,25,129,120,45,10,2,0,24,31,5,8,12,0.375,0.395,0.492,24.4,8.2,0.117,0.384,0.887,0.391,0,0.8,0,4,2,15,15,9,2,0,0,0,111,82,3,21,20,26,127,1.62,0.26,0.97,8.8,0.2,6.6,2.1,10.3,4.9,0,0,0,0,1.99,0,4.8,5.7,Slot,-,Average,1937,
33464,CF,25,ART HUMANN,,19,USA,"Tacoma, WA","5' 9""",165 lbs,Right,Right,Portland Tech,-,Great,CO Freshman,1,NEU,80-83 Mph,Over the Top,Normal,48,48,241,207,54,10,5,1,36,33,29,20,16,0.261,0.354,0.372,34.1,5.6,0.111,0.327,0.726,0.282,0,0.2,0,36,7,0,0,0,0,0,0,0,0,0,0,0,0,0,0,0,0,0,0,0,0,0,0,0,0,0,0,0,0,0,0,0,Slot,-,Average,1937,
33410,RF,20,DAVE HUNT,,15,USA,"Brooklyn, NY","6' 1""",165 lbs,Left,Left,Waterbury,-,Average,HS Sophomore,1,FB,80-83 Mph,Over the Top,Normal,22,22,113,92,42,14,3,3,24,32,16,5,20,0.457,0.541,0.772,42.7,19.9,0.315,0.537,1.312,0.459,0,2.2,0,20,5,0,0,0,0,0,0,0,0,0,0,0,0,0,0,0,0,0,0,0,0,0,0,0,0,0,0,0,0,0,0,0,Slot,-,Average,1937,
35037,1B,3,JOHN HUTTON,,15,USA,"Cincinnati, OH","5' 10""",200 lbs,Left,Left,Sycamore,-,Average,HS Sophomore,1,FB,80-83 Mph,Over the Top,Normal,27,27,136,110,46,10,1,2,30,43,15,5,13,0.418,0.5,0.582,35.5,13.7,0.164,0.462,1.082,0.415,0,1.7,0,2,1,0,0,0,0,0,0,0,0,0,0,0,0,0,0,0,0,0,0,0,0,0,0,0,0,0,0,0,0,0,0,0,Slot,-,Average,1937,
33390,SP,2,HANK HYDER,,20,USA,"Indianapolis, IN","5' 10""",165 lbs,Right,Right,Cumberland University,-,Great,CO Freshman,3,NEU,80-83 Mph,Sidearm,Normal,,,0,0,0,0,0,0,0,0,0,0,0,0,0,0,0,0,0,0,0,0,0,0,0,0,0,17,17,4,8,0,0,0,112.2,128,13,61,60,42,45,4.79,0.285,1.51,13.7,1,10.2,3.4,3.6,1.1,0,0,0,0,5.07,0,0.1,0.9,Slot,-,Average,1937,
33379,SP,37,GORDIE IRWIN,,15,USA,"Pittsburgh, PA","5' 6""",130 lbs,Right,Right,Franklin,-,Average,HS Sophomore,3,NEU,83-85 Mph,Normal (3/4),Normal,7,7,37,32,13,6,0,3,13,12,1,4,9,0.406,0.417,0.875,11.6,13.6,0.469,0.496,1.292,0.37,0,0.6,0,1,1,16,8,5,0,1,0,0,67.1,50,1,14,11,13,69,1.47,0.253,0.94,8.6,0.1,6.7,1.7,9.2,5.3,0,0,0,0,1.97,0,2.7,3,Slot,-,Average,1937,
33758,2B,12,ELIJAH ISSAC,,17,USA,"Strasburg, VA","5' 10""",145 lbs,Right,Right,Strasburg,-,Average,HS Sophomore,1,FB,80-83 Mph,Normal (3/4),Normal,25,25,126,111,60,14,5,0,30,42,10,5,19,0.541,0.568,0.757,51.2,23.4,0.216,0.556,1.325,0.55,0,2.6,0,14,4,0,0,0,0,0,0,0,0,0,0,0,0,0,0,0,0,0,0,0,0,0,0,0,0,0,0,0,0,0,0,0,Slot,-,Average,1937,
37496,RP,24,JOHN JENKINS,,16,USA,"New York, NY","5' 10""",160 lbs,Right,Right,Newtown,-,Average,HS Sophomore,3,NEU,83-85 Mph,Normal (3/4),Normal,,,0,0,0,0,0,0,0,0,0,0,0,0,0,0,0,0,0,0,0,0,0,0,0,0,0,13,6,2,1,1,0,0,54.2,43,2,17,13,21,64,2.14,0.266,1.17,10.5,0.3,7.1,3.5,10.5,3,0,0,0,0,2.49,0,1.7,1.7,Slot,-,Average,1937,
33400,2B,21,BABE JOHNSON,,15,USA,"Glen Cove, NY","6' 0""",165 lbs,Right,Right,Old Westbury,-,Average,HS Sophomore,1,NEU,80-83 Mph,Over the Top,Normal,24,24,122,101,46,8,4,0,25,37,19,4,12,0.455,0.549,0.614,40.2,17,0.158,0.508,1.163,0.474,0,2,0,33,9,0,0,0,0,0,0,0,0,0,0,0,0,0,0,0,0,0,0,0,0,0,0,0,0,0,0,0,0,0,0,0,Slot,-,Average,1937,
33369,CF,85,FRANK JOHNSON,,15,USA,"Cleveland, OH","6' 0""",155 lbs,Right,Right,Detroit Jesuit,-,Average,HS Sophomore,3,NEU,83-85 Mph,Normal (3/4),Normal,24,24,121,99,43,13,3,1,27,35,15,3,17,0.434,0.521,0.657,37.8,16.5,0.222,0.502,1.177,0.433,0,2,0,12,4,0,0,0,0,0,0,0,0,0,0,0,0,0,0,0,0,0,0,0,0,0,0,0,0,0,0,0,0,0,0,0,Slot,-,Average,1937,
33845,SP,3,JOHN THOMAS JOHNSON,,16,USA,"St. Louis, MO","5' 9""",165 lbs,Right,Right,Affton,-,Average,HS Sophomore,3,GB,85-87 Mph,Normal (3/4),GB'er,8,8,40,36,14,7,2,0,9,10,1,3,9,0.389,0.41,0.694,10.2,10.6,0.306,0.444,1.105,0.412,0,0.4,0,5,2,12,12,8,0,0,0,0,83.2,53,2,11,9,14,113,0.97,0.249,0.8,7.3,0.2,5.7,1.5,12.2,8.1,0,0,0,0,1.35,0,4.6,5,Slot,-,Average,1937,
33877,SP,5,JIM BOB JONES,,16,USA,"Decatur, AL","5' 11""",150 lbs,Right,Right,Decatur,-,Average,HS Sophomore,3,NEU,86-88 Mph,Normal (3/4),Normal,22,22,112,104,38,9,0,0,22,27,3,11,9,0.365,0.382,0.452,18.8,7.1,0.087,0.359,0.834,0.4,0,0.4,0,5,2,13,13,8,1,0,0,0,98.1,68,3,19,15,23,123,1.37,0.252,0.93,8.4,0.3,6.2,2.1,11.3,5.3,0,0,0,0,1.83,0,4.6,5,Slot,-,Average,1937,
37562,CF,21,LU JORDAN,,16,USA,"College Station, TX","5' 10""",170 lbs,Right,Right,Iola,-,Average,HS Sophomore,1,NEU,80-83 Mph,Normal (3/4),Normal,24,24,122,100,43,10,1,3,26,33,13,7,14,0.43,0.5,0.64,36.4,14.9,0.21,0.478,1.14,0.43,0,1.7,0,16,4,0,0,0,0,0,0,0,0,0,0,0,0,0,0,0,0,0,0,0,0,0,0,0,0,0,0,0,0,0,0,0,Slot,-,Average,1937,
33476,SP,35,JIM KASPER,,15,USA,"Olney, TX","6' 1""",160 lbs,Right,Right,Lawton,-,Average,HS Sophomore,3,NEU,83-85 Mph,Normal (3/4),Normal,,,0,0,0,0,0,0,0,0,0,0,0,0,0,0,0,0,0,0,0,0,0,0,0,0,0,12,12,7,2,0,0,0,84.2,65,3,21,20,30,87,2.13,0.249,1.12,10.4,0.3,6.9,3.2,9.2,2.9,0,0,0,0,2.77,0,2.6,3.6,Slot,-,Average,1937,
33438,2B,4,CLYDE KEATING,,15,USA,"Milwaukee, WI","5' 9""",145 lbs,Right,Right,Pardeeville,-,Average,HS Sophomore,1,FB,80-83 Mph,Normal (3/4),Normal,24,24,124,99,41,14,4,2,28,39,18,7,20,0.414,0.521,0.697,40.7,17.2,0.283,0.503,1.218,0.433,0,2,0,15,3,0,0,0,0,0,0,0,0,0,0,0,0,0,0,0,0,0,0,0,0,0,0,0,0,0,0,0,0,0,0,0,Slot,-,Average,1937,
33409,RP,21,GUY KENNEDY,,15,USA,"Pittsburgh, PA","5' 10""",145 lbs,Right,Right,Bellaire,-,Average,HS Sophomore,3,NEU,83-85 Mph,Normal (3/4),Normal,21,21,107,103,36,5,0,0,23,25,2,8,5,0.35,0.364,0.398,15.2,6,0.049,0.339,0.763,0.375,0,0.2,0,1,1,17,10,5,2,0,0,0,82.1,74,3,28,25,30,81,2.73,0.285,1.26,11.5,0.3,8.1,3.3,8.9,2.7,0,0,0,0,2.84,0,2.3,2.3,Slot,-,Average,1937,
33468,SP,19,STAN KENNY,,15,USA,"Portland, OR","5' 9""",140 lbs,Right,Right,Grant,-,Average,HS Sophomore,4,NEU,84-86 Mph,Over the Top,Normal,,,0,0,0,0,0,0,0,0,0,0,0,0,0,0,0,0,0,0,0,0,0,0,0,0,0,15,15,7,4,0,0,0,116.1,115,5,47,45,49,78,3.48,0.282,1.41,12.9,0.4,8.9,3.8,6,1.6,0,0,0,0,3.76,0,2,2.6,Slot,-,Average,1937,
33465,SS,25,CARL KIMBALL,,15,USA,"Baltimore, MD","6' 0""",155 lbs,Right,Right,West Chicago,-,Average,HS Sophomore,1,FB,80-83 Mph,Over the Top,Normal,24,24,122,108,47,9,1,1,25,39,10,2,11,0.435,0.487,0.565,32.6,12.4,0.13,0.451,1.052,0.438,0,1.4,0,24,7,0,0,0,0,0,0,0,0,0,0,0,0,0,0,0,0,0,0,0,0,0,0,0,0,0,0,0,0,0,0,0,Slot,-,Average,1937,
36220,3B,15,LYNN KIRK,,16,USA,"Birmingham, AL","5' 10""",180 lbs,Right,Right,West End,-,Average,HS Sophomore,1,NEU,80-83 Mph,Normal (3/4),Normal,22,22,113,92,38,11,1,3,24,37,16,3,15,0.413,0.495,0.652,32.4,14.6,0.239,0.478,1.148,0.398,0,1.6,0,5,2,0,0,0,0,0,0,0,0,0,0,0,0,0,0,0,0,0,0,0,0,0,0,0,0,0,0,0,0,0,0,0,Slot,-,Average,1937,
33650,CF,1,CLIFF KRAFT,,19,USA,"New York, NY","5' 9""",150 lbs,Left,Left,Smithfield College,-,Average,CO Freshman,1,NEU,80-83 Mph,Normal (3/4),Normal,52,52,262,219,57,10,5,8,40,48,36,42,23,0.26,0.374,0.461,45,7.1,0.201,0.367,0.835,0.287,0,0.9,0,35,8,0,0,0,0,0,0,0,0,0,0,0,0,0,0,0,0,0,0,0,0,0,0,0,0,0,0,0,0,0,0,0,Slot,-,Average,1937,
33480,CF,11,RUBE KREIDER,,19,USA,"Reading, PA","6' 0""",175 lbs,Right,Right,Charleston Tech,-,Great,CO Freshman,5,FB,83-85 Mph,Over the Top,Normal,58,58,293,249,68,10,5,3,46,44,38,17,18,0.273,0.375,0.39,45.5,6.5,0.116,0.344,0.764,0.283,0,0.7,0,39,6,0,0,0,0,0,0,0,0,0,0,0,0,0,0,0,0,0,0,0,0,0,0,0,0,0,0,0,0,0,0,0,Slot,-,Average,1937,
33386,RF,26,FRED LARD,,14,USA,"Lowell, MA","6' 1""",170 lbs,Left,Left,Turners Falls,-,Average,HS Sophomore,1,FB,80-83 Mph,Normal (3/4),Normal,25,25,125,106,54,14,0,2,29,45,16,5,16,0.509,0.565,0.698,44.9,21.6,0.189,0.536,1.263,0.515,0,2.4,0,3,1,0,0,0,0,0,0,0,0,0,0,0,0,0,0,0,0,0,0,0,0,0,0,0,0,0,0,0,0,0,0,0,Slot,-,Average,1937,
33473,SP,6,BOBBY LARRY,,19,USA,"East Cleveland, OH","6' 0""",170 lbs,Switch,Right,Lane State,-,Great,CO Freshman,3,NEU,83-85 Mph,Normal (3/4),Normal,,,0,0,0,0,0,0,0,0,0,0,0,0,0,0,0,0,0,0,0,0,0,0,0,0,0,16,16,4,8,0,0,0,109,120,15,72,68,64,56,5.61,0.283,1.69,15.4,1.2,9.9,5.3,4.6,0.9,0,0,0,0,5.81,0,-0.7,-0.3,Slot,-,Average,1937,
34550,SP,8,ED LATHAM,,16,USA,"Omaha, NE","5' 10""",155 lbs,Left,Right,Omaha,-,Average,HS Sophomore,3,GB,83-85 Mph,Over the Top,GB'er,7,7,35,31,12,6,2,0,10,10,1,2,8,0.387,0.371,0.71,7.3,7.6,0.323,0.425,1.081,0.375,0,0.3,0,9,4,15,8,4,2,0,0,0,64.2,54,1,17,16,19,66,2.23,0.29,1.13,10.6,0.1,7.5,2.6,9.2,3.5,0,0,0,0,2.38,0,2.2,2.4,Slot,-,Average,1937,
33415,LF,24,RAY LEDFORD,,16,USA,"Anthony, KS","6' 0""",175 lbs,Right,Right,Douglass,-,Average,HS Sophomore,1,FB,80-83 Mph,Normal (3/4),Normal,25,25,129,122,61,17,0,1,37,50,6,4,18,0.5,0.523,0.664,42.8,18.3,0.164,0.512,1.187,0.513,0,2.2,0,1,1,0,0,0,0,0,0,0,0,0,0,0,0,0,0,0,0,0,0,0,0,0,0,0,0,0,0,0,0,0,0,0,Slot,-,Average,1937,
33776,3B,17,NEIL LEE,,16,USA,"Bethany, OK","5' 7""",140 lbs,Right,Right,Bethany,-,Average,HS Sophomore,1,FB,80-83 Mph,Normal (3/4),Normal,23,23,119,97,42,9,2,4,31,33,17,7,15,0.433,0.513,0.691,37,16.4,0.258,0.499,1.204,0.432,0,1.9,0,4,2,0,0,0,0,0,0,0,0,0,0,0,0,0,0,0,0,0,0,0,0,0,0,0,0,0,0,0,0,0,0,0,Slot,-,Average,1937,
34803,SP,6,GEORGE LEGGETT,,16,USA,"Lowell, MA","5' 6""",130 lbs,Right,Right,Lowell,-,Average,HS Sophomore,3,FB,85-87 Mph,Over the Top,Normal,23,23,118,110,45,9,0,0,29,31,4,9,9,0.409,0.424,0.491,24.3,9.2,0.082,0.4,0.915,0.433,0,0.9,0,8,3,15,7,3,1,2,0,0,60,54,2,20,19,23,52,2.85,0.283,1.28,11.8,0.3,8.1,3.5,7.8,2.3,0,0,0,0,3.15,0,1.3,1.7,Slot,-,Average,1937,
33469,SP,50,MIKE LEVI,,16,USA,"Cincinnati, OH","5' 9""",135 lbs,Right,Left,Atherton,-,Average,HS Sophomore,3,NEU,83-85 Mph,Normal (3/4),Normal,9,9,45,39,15,4,2,0,12,12,2,7,6,0.385,0.386,0.59,9.2,8.3,0.205,0.392,0.976,0.429,0,0.3,0,4,2,13,13,8,2,0,0,0,98.2,84,3,28,25,30,87,2.28,0.261,1.16,10.6,0.3,7.7,2.7,7.9,2.9,0,0,0,0,2.8,0,3,3.7,Slot,-,Average,1937,
33456,RP,21,TED LEWIS,,15,USA,"East Cleveland, OH","6' 5""",180 lbs,Right,Right,Glenwood,-,Average,HS Sophomore,3,NEU,84-86 Mph,Normal (3/4),Normal,,,0,0,0,0,0,0,0,0,0,0,0,0,0,0,0,0,0,0,0,0,0,0,0,0,0,18,10,6,1,0,0,0,79,66,3,25,21,27,69,2.39,0.256,1.18,10.8,0.3,7.5,3.1,7.9,2.6,0,0,0,0,3.05,0,1.9,2.4,Slot,-,Average,1937,
33375,SS,24,JACK LITTLEFIELD,,15,USA,"Ravenna, OH","6' 1""",165 lbs,Left,Right,Marshall,-,Average,HS Sophomore,1,FB,80-83 Mph,Normal (3/4),Normal,22,22,113,90,41,7,2,2,23,31,15,4,11,0.456,0.532,0.644,34,15.3,0.189,0.493,1.176,0.448,0,1.7,0,14,6,0,0,0,0,0,0,0,0,0,0,0,0,0,0,0,0,0,0,0,0,0,0,0,0,0,0,0,0,0,0,0,Slot,-,Average,1937,
33378,RP,16,JIMMY LONG,,19,USA,"Boise, ID","6' 3""",190 lbs,Right,Right,Lane State,-,Great,CO Freshman,3,NEU,83-85 Mph,Normal (3/4),Normal,,,0,0,0,0,0,0,0,0,0,0,0,0,0,0,0,0,0,0,0,0,0,0,0,0,0,16,12,2,5,0,0,0,83.2,91,11,53,50,46,43,5.38,0.283,1.64,15.1,1.2,9.8,4.9,4.6,0.9,0,0,0,0,5.64,0,-0.5,-0.2,Slot,-,Average,1937,
33483,SP,11,ANGEL LOPEZ,,18,USA,"Rhinelander, WI","5' 7""",145 lbs,Switch,Right,Brookings State College,-,Average,CO Freshman,4,NEU,83-85 Mph,Over the Top,Normal,,,0,0,0,0,0,0,0,0,0,0,0,0,0,0,0,0,0,0,0,0,0,0,0,0,0,19,14,4,5,0,0,0,97,102,5,50,47,46,68,4.36,0.322,1.53,13.9,0.5,9.5,4.3,6.3,1.5,0,0,0,0,3.95,0,1.3,0.9,Slot,-,Average,1937,
33654,SS,4,JIM MACKEY,,18,USA,"Montevallo, AL","5' 11""",155 lbs,Right,Right,Charleston Tech,-,Great,CO Freshman,1,FB,80-83 Mph,Normal (3/4),Normal,39,39,199,167,45,7,3,1,30,37,24,13,11,0.269,0.381,0.365,28.4,5.6,0.096,0.34,0.746,0.288,0,0.2,0,38,12,0,0,0,0,0,0,0,0,0,0,0,0,0,0,0,0,0,0,0,0,0,0,0,0,0,0,0,0,0,0,0,Slot,-,Average,1937,
35012,RF,19,GORDON MALONE,,16,USA,"Berwick, PA","5' 10""",175 lbs,Right,Right,Berwick,-,Average,HS Sophomore,1,FB,80-83 Mph,Sidearm,Normal,23,23,116,91,40,13,0,2,28,34,18,6,15,0.44,0.539,0.648,35.6,16.8,0.209,0.504,1.187,0.447,0,1.9,0,7,3,0,0,0,0,0,0,0,0,0,0,0,0,0,0,0,0,0,0,0,0,0,0,0,0,0,0,0,0,0,0,0,Slot,-,Average,1937,
33848,SP,10,MARCUS MANGUM,,16,USA,"Louisa, KY","5' 10""",170 lbs,Left,Left,Louisa,-,Average,HS Sophomore,3,NEU,86-88 Mph,Sidearm,Normal,,,0,0,0,0,0,0,0,0,0,0,0,0,0,0,0,0,0,0,0,0,0,0,0,0,0,13,13,9,1,0,0,0,108.2,85,4,26,22,24,133,1.82,0.279,1,9.3,0.3,7,2,11,5.5,0,0,0,0,1.98,0,4.8,4.8,Slot,-,Average,1937,
33868,CF,93,EDMUND MANN,,16,USA,"Detroit, MI","6' 0""",185 lbs,Switch,Right,Chadsey,-,Average,HS Sophomore,4,NEU,83-85 Mph,Normal (3/4),Normal,21,21,105,92,41,11,6,0,22,33,12,6,17,0.446,0.514,0.696,37.4,17.4,0.25,0.514,1.21,0.477,0,1.8,0,31,7,0,0,0,0,0,0,0,0,0,0,0,0,0,0,0,0,0,0,0,0,0,0,0,0,0,0,0,0,0,0,0,Slot,-,Average,1937,
33373,3B,42,STEVE MARIN,,15,USA,"Glendale, CA","6' 2""",180 lbs,Right,Right,Fullerton,-,Average,HS Sophomore,1,EX FB,80-83 Mph,Normal (3/4),Normal,24,24,122,104,48,12,1,2,30,36,11,6,15,0.462,0.504,0.654,36.8,15.5,0.192,0.481,1.158,0.465,0,1.8,0,6,2,0,0,0,0,0,0,0,0,0,0,0,0,0,0,0,0,0,0,0,0,0,0,0,0,0,0,0,0,0,0,0,Slot,-,Average,1937,
35401,2B,31,BOB MARK,,19,USA,"Akron, OH","5' 10""",155 lbs,Right,Right,Central Kentucky,-,Great,CO Freshman,1,NEU,80-83 Mph,Normal (3/4),Normal,58,58,293,253,69,10,6,2,39,50,36,12,18,0.273,0.362,0.383,41.5,5.7,0.111,0.335,0.745,0.277,0,-0.2,0,38,11,0,0,0,0,0,0,0,0,0,0,0,0,0,0,0,0,0,0,0,0,0,0,0,0,0,0,0,0,0,0,0,Slot,-,Average,1937,
34847,SP,6,JOE MARLOW,,16,USA,"Elkhorn, WI","5' 9""",155 lbs,Right,Right,Elkhorn,-,Average,HS Sophomore,3,NEU,85-87 Mph,Over the Top,Normal,,,0,0,0,0,0,0,0,0,0,0,0,0,0,0,0,0,0,0,0,0,0,0,0,0,0,12,12,7,1,0,0,0,83.1,69,3,23,22,30,97,2.38,0.282,1.19,10.9,0.3,7.5,3.2,10.5,3.2,0,0,0,0,2.49,0,2.9,3.2,Slot,-,Average,1937,
33870,SP,8,JOHN MARSH,,16,USA,"Chicago, IL","6' 0""",150 lbs,Left,Left,Lockport,-,Average,HS Sophomore,3,NEU,85-87 Mph,Normal (3/4),Normal,9,9,49,42,17,3,1,0,13,12,1,2,4,0.405,0.391,0.524,9.1,7.5,0.119,0.361,0.915,0.395,0,0.2,0,5,2,14,14,9,1,0,0,0,98.2,69,2,22,19,37,121,1.73,0.256,1.07,9.7,0.2,6.3,3.4,11,3.3,0,0,0,0,2.14,0,4,4.5,Slot,-,Average,1937,
33856,SP,17,OTIS MARTIN,,16,USA,"New York, NY","6' 3""",165 lbs,Switch,Left,Washington,-,Average,HS Sophomore,3,FB,85-87 Mph,Over the Top,Normal,26,26,133,126,47,10,1,2,26,40,2,10,13,0.373,0.374,0.516,24.6,7.6,0.143,0.375,0.89,0.385,0,0.7,0,6,3,13,13,7,2,0,0,0,96,86,5,31,28,32,83,2.62,0.26,1.23,11.1,0.5,8.1,3,7.8,2.6,0,0,0,0,3.15,0,2.4,3.1,Slot,-,Average,1937,
33365,RF,17,RED MARTIN,,15,USA,"Chicago, IL","5' 10""",155 lbs,Right,Right,South Bend,-,Average,HS Sophomore,1,FB,80-83 Mph,Normal (3/4),Normal,23,23,116,96,41,7,2,1,26,30,17,4,10,0.427,0.522,0.573,32.6,14.4,0.146,0.477,1.095,0.44,0,1.6,0,16,5,0,0,0,0,0,0,0,0,0,0,0,0,0,0,0,0,0,0,0,0,0,0,0,0,0,0,0,0,0,0,0,Slot,-,Average,1937,
33801,C,22,SAM MARTIN,,16,USA,"Philadelphia, PA","5' 8""",150 lbs,Switch,Right,Rice,-,Average,HS Sophomore,1,FB,80-83 Mph,Normal (3/4),Normal,26,26,132,116,51,18,0,2,31,38,9,4,20,0.44,0.481,0.647,37.8,14.2,0.207,0.47,1.127,0.438,0,1.8,0,5,2,0,0,0,0,0,0,0,0,0,0,0,0,0,0,0,0,0,0,0,0,0,0,0,0,0,0,0,0,0,0,0,Slot,-,Average,1937,
37577,RF,3,MORRIE MATTHEWS,,16,USA,"Pittsfield, ME","5' 11""",175 lbs,Switch,Right,Pittsfield,-,Average,HS Sophomore,1,NEU,80-83 Mph,Normal (3/4),Normal,26,26,134,117,49,12,1,1,29,45,9,5,14,0.419,0.473,0.564,34.7,12.5,0.145,0.443,1.037,0.429,0,1.5,0,14,3,0,0,0,0,0,0,0,0,0,0,0,0,0,0,0,0,0,0,0,0,0,0,0,0,0,0,0,0,0,0,0,Slot,-,Average,1937,
33880,3B,41,JIM MCCARTHY,,16,USA,"Bellaire, OH","5' 9""",180 lbs,Right,Right,Bellaire,-,Average,HS Sophomore,1,FB,80-83 Mph,Normal (3/4),Normal,26,26,134,112,49,10,2,0,27,44,15,4,12,0.438,0.504,0.562,35.6,13.5,0.125,0.456,1.066,0.445,0,1.6,0,11,3,0,0,0,0,0,0,0,0,0,0,0,0,0,0,0,0,0,0,0,0,0,0,0,0,0,0,0,0,0,0,0,Slot,-,Average,1937,
33411,CF,14,WALTER MCCLURE,,19,USA,"Boston, MA","5' 10""",165 lbs,Right,Right,Maryland State,-,Great,CO Freshman,1,NEU,80-83 Mph,Over the Top,Normal,59,59,297,265,82,8,9,0,53,66,27,4,17,0.309,0.374,0.408,46.1,6.4,0.098,0.348,0.781,0.311,0,0.8,0,33,9,0,0,0,0,0,0,0,0,0,0,0,0,0,0,0,0,0,0,0,0,0,0,0,0,0,0,0,0,0,0,0,Slot,-,Average,1937,
33430,C,10,CHET MCCORMICK,,19,USA,"Monroe, MI","5' 10""",180 lbs,Right,Right,Central Kentucky,-,Great,CO Freshman,1,NEU,80-83 Mph,Normal (3/4),Normal,49,49,248,224,67,12,1,5,36,52,22,3,18,0.299,0.367,0.429,37.6,6.3,0.129,0.353,0.796,0.287,0,0.8,0,7,3,0,0,0,0,0,0,0,0,0,0,0,0,0,0,0,0,0,0,0,0,0,0,0,0,0,0,0,0,0,0,0,Slot,-,Average,1937,
33407,RP,17,TOM MCMORRIS,,14,USA,"Denver, CO","5' 7""",130 lbs,Right,Right,Florence,-,Average,HS Sophomore,3,NEU,83-85 Mph,Normal (3/4),Normal,22,22,114,106,38,10,1,0,19,34,3,8,11,0.358,0.378,0.472,19.1,6.8,0.113,0.361,0.85,0.384,0,0.5,0,8,4,15,9,5,1,0,0,0,70.2,59,2,15,14,12,61,1.78,0.259,1,9,0.3,7.5,1.5,7.8,5.1,0,0,0,0,2.35,0,2.5,3.1,Slot,-,Average,1937,
37332,RF,5,RALPH MCMULLEN,,16,USA,"New Castle, PA","5' 10""",155 lbs,Left,Left,New Castle,-,Average,HS Sophomore,1,NEU,80-83 Mph,Over the Top,Normal,24,24,122,99,44,15,1,3,31,43,18,3,19,0.444,0.533,0.707,40.5,18.2,0.263,0.522,1.24,0.432,0,2.2,0,6,3,0,0,0,0,0,0,0,0,0,0,0,0,0,0,0,0,0,0,0,0,0,0,0,0,0,0,0,0,0,0,0,Slot,-,Average,1937,
35128,CF,12,JOHN MCNICHOLS,,15,USA,"Passaic, NJ","6' 0""",175 lbs,Right,Right,Passaic,-,Average,HS Sophomore,1,FB,80-83 Mph,Normal (3/4),Normal,27,27,135,107,48,8,2,4,30,42,18,6,14,0.449,0.545,0.673,46.4,17.9,0.224,0.51,1.218,0.449,0,2.3,0,31,7,0,0,0,0,0,0,0,0,0,0,0,0,0,0,0,0,0,0,0,0,0,0,0,0,0,0,0,0,0,0,0,Slot,-,Average,1937,
35117,3B,19,SOLLY MERKEL,,16,USA,"Boston, MA","6' 0""",175 lbs,Switch,Right,Yarmouth,-,Average,HS Sophomore,1,FB,80-83 Mph,Normal (3/4),Normal,23,23,116,98,39,8,1,4,25,35,16,7,13,0.398,0.487,0.622,31.8,13.6,0.224,0.474,1.109,0.402,0,1.6,0,7,3,0,0,0,0,0,0,0,0,0,0,0,0,0,0,0,0,0,0,0,0,0,0,0,0,0,0,0,0,0,0,0,Slot,-,Average,1937,
33385,SP,10,AL METZGER,,15,USA,"Louisville, KY","6' 0""",155 lbs,Right,Right,New Albany,-,Average,HS Sophomore,4,NEU,84-86 Mph,Normal (3/4),Normal,23,23,116,108,43,12,0,0,27,39,5,7,12,0.398,0.422,0.509,24.2,9.2,0.111,0.406,0.932,0.417,0,0.9,0,9,4,14,14,8,2,0,0,0,99.2,62,1,14,13,29,134,1.17,0.246,0.91,8.2,0.1,5.6,2.6,12.1,4.6,0,0,0,0,1.51,0,5.2,5.8,Slot,-,Average,1937,
33475,SS,10,LEO MICK,,19,USA,"Peoria, IL","6' 0""",170 lbs,Right,Right,Central Kentucky,-,Great,CO Freshman,1,FB,80-83 Mph,Normal (3/4),Normal,44,44,220,197,56,10,4,2,25,36,16,3,16,0.284,0.342,0.406,29.8,5.1,0.122,0.329,0.749,0.277,0,0.2,0,39,14,0,0,0,0,0,0,0,0,0,0,0,0,0,0,0,0,0,0,0,0,0,0,0,0,0,0,0,0,0,0,0,Slot,-,Average,1937,
33471,RF,33,BUD MILLER,CRAYON,15,USA,"El Paso, TX","5' 7""",145 lbs,Left,Left,Roswell,-,Average,HS Sophomore,1,FB,80-83 Mph,Normal (3/4),Normal,24,24,122,97,45,13,2,3,32,43,14,2,18,0.464,0.538,0.732,41.9,18.5,0.268,0.518,1.27,0.442,0,2.1,0,9,3,0,0,0,0,0,0,0,0,0,0,0,0,0,0,0,0,0,0,0,0,0,0,0,0,0,0,0,0,0,0,0,Slot,-,Average,1937,
33862,2B,9,GORDON MILLER,,16,USA,"Burlington, NJ","5' 10""",175 lbs,Right,Right,Burlington,-,Average,HS Sophomore,1,EX FB,80-83 Mph,Normal (3/4),Normal,23,23,119,99,45,8,2,0,26,36,15,5,10,0.455,0.521,0.576,34.6,15.3,0.121,0.471,1.097,0.469,0,1.6,0,15,3,0,0,0,0,0,0,0,0,0,0,0,0,0,0,0,0,0,0,0,0,0,0,0,0,0,0,0,0,0,0,0,Slot,-,Average,1937,
33446,CF,2,HACK MILLS,,15,USA,"Louisville, KY","5' 10""",145 lbs,Right,Right,Portland Christian,-,Average,HS Sophomore,1,NEU,80-83 Mph,Over the Top,Normal,22,22,114,92,39,10,5,4,26,39,17,3,19,0.424,0.527,0.772,42.6,18.5,0.348,0.531,1.299,0.412,0,2.1,0,31,7,0,0,0,0,0,0,0,0,0,0,0,0,0,0,0,0,0,0,0,0,0,0,0,0,0,0,0,0,0,0,0,Slot,-,Average,1937,
36253,2B,18,BENNY MOHR,,15,USA,"Duluth, MN","5' 6""",155 lbs,Switch,Right,Duluth,-,Average,HS Sophomore,1,FB,80-83 Mph,Normal (3/4),Normal,25,25,128,109,46,8,1,0,24,32,14,5,9,0.422,0.496,0.514,30.6,11.5,0.092,0.44,1.01,0.442,0,1.4,0,16,6,0,0,0,0,0,0,0,0,0,0,0,0,0,0,0,0,0,0,0,0,0,0,0,0,0,0,0,0,0,0,0,Slot,-,Average,1937,
37344,SP,6,CLETUS MOORE,,16,USA,"Clarksdale, MS","6' 0""",165 lbs,Right,Right,Clarksdale,-,Average,HS Sophomore,3,FB,83-85 Mph,Normal (3/4),Normal,,,0,0,0,0,0,0,0,0,0,0,0,0,0,0,0,0,0,0,0,0,0,0,0,0,0,14,14,6,4,0,0,0,101,85,4,29,26,34,76,2.32,0.242,1.18,10.8,0.4,7.6,3,6.8,2.2,0,0,0,0,3.28,0,2.4,3.7,Slot,-,Average,1937,
33842,CF,44,FRANK MOORE,,16,USA,"Richmond, VA","6' 2""",165 lbs,Right,Left,Glen Allen,-,Average,HS Sophomore,1,EX FB,80-83 Mph,Normal (3/4),Normal,20,20,104,74,30,10,1,4,21,28,22,3,15,0.405,0.535,0.73,35.2,17.9,0.324,0.506,1.264,0.371,0,1.7,0,16,3,0,0,0,0,0,0,0,0,0,0,0,0,0,0,0,0,0,0,0,0,0,0,0,0,0,0,0,0,0,0,0,Slot,-,Average,1937,
33873,SP,29,HARLAN MOORE,,15,USA,"Cramerton, NC","5' 9""",140 lbs,Left,Right,Cramerton,-,Average,HS Sophomore,4,EX GB,87-89 Mph,Over the Top,GB'er,5,5,29,29,11,7,2,1,13,9,0,7,10,0.379,0.379,0.862,8.6,11.6,0.483,0.505,1.241,0.476,0,0.5,0,5,2,15,7,4,1,1,0,0,65.2,46,2,17,13,21,95,1.78,0.284,1.02,9.5,0.3,6.3,2.9,13,4.5,0,0,0,0,1.75,0,2.9,2.4,Slot,-,Average,1937,
34980,LF,7,CLAUDE MORAWSKI,,16,USA,"New York, NY","5' 11""",190 lbs,Left,Left,Monroe,-,Average,HS Sophomore,1,FB,80-83 Mph,Over the Top,Normal,23,23,119,99,39,11,0,1,27,36,10,3,12,0.394,0.483,0.535,28,11.8,0.141,0.44,1.018,0.4,0,1.3,0,3,1,0,0,0,0,0,0,0,0,0,0,0,0,0,0,0,0,0,0,0,0,0,0,0,0,0,0,0,0,0,0,0,Slot,-,Average,1937,
33741,C,12,CAL MORGAN,,16,USA,"Cincinnati, OH","5' 11""",165 lbs,Right,Right,Alexandria,-,Average,HS Sophomore,1,FB,80-83 Mph,Normal (3/4),Normal,24,24,121,103,52,11,2,2,31,38,13,1,15,0.505,0.571,0.709,44.1,21.6,0.204,0.542,1.28,0.5,0,2.4,0,5,2,0,0,0,0,0,0,0,0,0,0,0,0,0,0,0,0,0,0,0,0,0,0,0,0,0,0,0,0,0,0,0,Slot,-,Average,1937,
33876,LF,19,LEON MOSHER,,15,USA,"Reading, PA","5' 11""",195 lbs,Right,Right,Reading,-,Average,HS Sophomore,1,FB,80-83 Mph,Over the Top,Normal,22,22,113,94,37,11,2,4,27,34,12,6,17,0.394,0.469,0.681,32.4,14.1,0.287,0.48,1.15,0.379,0,1.6,0,4,2,0,0,0,0,0,0,0,0,0,0,0,0,0,0,0,0,0,0,0,0,0,0,0,0,0,0,0,0,0,0,0,Slot,-,Average,1937,
33752,SP,17,BILL MUDGE,,16,USA,"Gary, IN","6' 2""",165 lbs,Switch,Right,Gary,-,Average,HS Sophomore,3,NEU,83-85 Mph,Normal (3/4),Normal,20,20,104,100,35,10,2,0,21,25,1,9,12,0.35,0.346,0.49,17.5,6.7,0.14,0.355,0.836,0.372,0,0.4,0,5,2,14,14,7,3,0,0,0,109.2,103,4,40,36,42,81,2.95,0.27,1.32,11.9,0.3,8.5,3.4,6.6,1.9,0,0,0,0,3.35,0,2.5,3,Slot,-,Average,1937,
33418,SS,28,EMIL NELSON,,19,USA,"Clinton, IA","5' 9""",150 lbs,Right,Right,Wisconsin State,-,Great,CO Freshman,1,FB,80-83 Mph,Normal (3/4),Normal,54,54,272,230,60,11,5,8,43,56,36,27,24,0.261,0.362,0.457,44.9,6.7,0.196,0.356,0.818,0.263,0,0.9,0,36,8,0,0,0,0,0,0,0,0,0,0,0,0,0,0,0,0,0,0,0,0,0,0,0,0,0,0,0,0,0,0,0,Slot,-,Average,1937,
33858,2B,18,RUBE NICHOLS,,16,USA,"Chattanooga, TN","5' 11""",150 lbs,Right,Right,Knoxville,-,Average,HS Sophomore,1,FB,80-83 Mph,Normal (3/4),Normal,25,25,128,104,51,14,2,1,32,42,19,5,17,0.49,0.567,0.692,45.6,19.8,0.202,0.533,1.259,0.5,0,2.4,0,18,6,0,0,0,0,0,0,0,0,0,0,0,0,0,0,0,0,0,0,0,0,0,0,0,0,0,0,0,0,0,0,0,Slot,-,Average,1937,
33440,1B,8,RUBE NORRIS,,19,USA,"Worcester, MA","5' 11""",190 lbs,Right,Right,Lincoln College,-,Great,CO Freshman,1,FB,80-83 Mph,Normal (3/4),Normal,62,62,313,264,71,16,1,6,43,63,42,20,23,0.269,0.377,0.405,45,6.1,0.136,0.35,0.783,0.273,0,0.9,0,4,2,0,0,0,0,0,0,0,0,0,0,0,0,0,0,0,0,0,0,0,0,0,0,0,0,0,0,0,0,0,0,0,Slot,-,Average,1937,
33490,C,17,BUCK NOVAK,,14,USA,"Cleveland, OH","5' 10""",155 lbs,Right,Right,Whitwell,-,Average,HS Sophomore,1,EX FB,80-83 Mph,Normal (3/4),Normal,23,23,118,96,38,10,2,2,22,29,17,7,14,0.396,0.479,0.604,30.6,12.9,0.208,0.458,1.083,0.4,0,1.5,0,4,2,0,0,0,0,0,0,0,0,0,0,0,0,0,0,0,0,0,0,0,0,0,0,0,0,0,0,0,0,0,0,0,Slot,-,Average,1937,
33429,3B,19,TONY ONOFRE,,15,USA,"Hoboken, NJ","5' 11""",165 lbs,Right,Right,Hatboro,-,Average,HS Sophomore,1,FB,80-83 Mph,Normal (3/4),Normal,24,24,121,98,42,14,1,1,22,35,17,3,16,0.429,0.529,0.622,35.1,15.8,0.194,0.492,1.152,0.436,0,1.8,0,4,2,0,0,0,0,0,0,0,0,0,0,0,0,0,0,0,0,0,0,0,0,0,0,0,0,0,0,0,0,0,0,0,Slot,-,Average,1937,
33362,SP,6,FRANK PAGE,,15,USA,"Hackettstown, NJ","5' 10""",150 lbs,Left,Right,Montclair,-,Average,HS Sophomore,5,NEU,84-86 Mph,Normal (3/4),Normal,22,22,110,102,40,6,0,1,27,37,5,8,7,0.392,0.418,0.48,21.5,8.8,0.088,0.395,0.899,0.411,0,0.8,0,4,2,16,10,6,1,0,0,0,78,65,1,20,16,15,82,1.85,0.288,1.03,9.2,0.1,7.5,1.7,9.5,5.5,0,0,0,0,1.84,0,3.4,3,Slot,-,Average,1937,
33727,RP,3,ED PATTON,,16,USA,"Richfield, MN","5' 10""",145 lbs,Right,Right,Shakopee,-,Average,HS Sophomore,3,NEU,85-87 Mph,Sidearm,Normal,7,7,36,32,13,7,2,0,8,10,0,3,9,0.406,0.4,0.75,9.5,10.7,0.344,0.449,1.15,0.419,0,0.4,0,5,2,14,9,4,2,0,0,0,63.2,45,1,16,12,20,81,1.7,0.268,1.02,9.5,0.1,6.4,2.8,11.5,4,0,0,0,0,1.9,0,2.7,2.5,Slot,-,Average,1937,
33405,3B,63,HUGH PEARSON,,15,USA,"Philadelphia, PA","5' 10""",155 lbs,Right,Right,Bayonne,-,Average,HS Sophomore,1,FB,80-83 Mph,Normal (3/4),Normal,21,21,106,87,42,9,2,1,26,39,14,3,12,0.483,0.562,0.667,35,17.2,0.184,0.524,1.229,0.488,0,1.9,0,18,8,0,0,0,0,0,0,0,0,0,0,0,0,0,0,0,0,0,0,0,0,0,0,0,0,0,0,0,0,0,0,0,Slot,-,Average,1937,
33485,CF,5,EDDIE PELLERIN,,20,USA,"Anderson, SC","5' 10""",170 lbs,Left,Left,Northern Mississippi,-,Great,CO Freshman,1,NEU,80-83 Mph,Normal (3/4),Normal,53,53,269,227,66,10,9,7,46,53,36,18,26,0.291,0.396,0.507,52.5,8.2,0.216,0.39,0.902,0.291,0,1.7,0,37,9,0,0,0,0,0,0,0,0,0,0,0,0,0,0,0,0,0,0,0,0,0,0,0,0,0,0,0,0,0,0,0,Slot,-,Average,1937,
33881,RP,13,GEORGE PHELPS,,15,USA,"Columbia, MO","6' 0""",175 lbs,Right,Right,Columbia,-,Average,HS Sophomore,3,NEU,83-85 Mph,Over the Top,Normal,21,21,108,102,40,9,1,0,24,36,2,4,10,0.392,0.41,0.5,21.1,8.7,0.108,0.388,0.91,0.408,0,0.7,0,2,1,16,10,4,3,0,0,0,72,73,3,32,31,37,46,3.88,0.283,1.53,14,0.4,9.1,4.6,5.8,1.2,0,0,0,0,4.09,0,0.8,1.2,Slot,-,Average,1937,
33426,C,56,JOE PHELPS,,15,USA,"Poughkeepsie, NY","6' 2""",180 lbs,Left,Right,Rensselaer,-,Average,HS Sophomore,1,FB,80-83 Mph,Normal (3/4),Normal,22,22,114,94,40,10,1,0,26,36,18,6,11,0.426,0.522,0.553,29.8,14.4,0.128,0.472,1.075,0.455,0,1.5,0,2,1,0,0,0,0,0,0,0,0,0,0,0,0,0,0,0,0,0,0,0,0,0,0,0,0,0,0,0,0,0,0,0,Slot,-,Average,1937,
33863,SS,17,BUDDY PHILIPS,,15,USA,"Warrensburg, MO","5' 7""",135 lbs,Right,Right,Warrensburg,-,Average,HS Sophomore,1,FB,80-83 Mph,Normal (3/4),Normal,24,24,121,90,36,16,2,5,25,34,17,6,23,0.4,0.517,0.789,40.5,17.9,0.389,0.518,1.306,0.378,0,2.1,0,2,1,0,0,0,0,0,0,0,0,0,0,0,0,0,0,0,0,0,0,0,0,0,0,0,0,0,0,0,0,0,0,0,Slot,-,Average,1937,
33481,2B,11,HARDIN PHILLIPS,,15,USA,"Racine, WI","5' 7""",135 lbs,Right,Right,Lisle,-,Average,HS Sophomore,1,FB,80-83 Mph,Normal (3/4),Normal,25,25,129,107,46,18,5,2,27,43,18,7,25,0.43,0.508,0.748,44.1,17.5,0.318,0.517,1.255,0.44,0,2.3,0,13,4,0,0,0,0,0,0,0,0,0,0,0,0,0,0,0,0,0,0,0,0,0,0,0,0,0,0,0,0,0,0,0,Slot,-,Average,1937,
37452,RF,51,JOHN PLATT,,16,USA,"Seattle, WA","6' 0""",180 lbs,Right,Right,Seattle,-,Average,HS Sophomore,1,FB,80-83 Mph,Over the Top,Normal,24,24,123,101,43,8,2,4,27,34,11,8,14,0.426,0.492,0.663,35.5,14.3,0.238,0.477,1.155,0.424,0,1.7,0,7,3,0,0,0,0,0,0,0,0,0,0,0,0,0,0,0,0,0,0,0,0,0,0,0,0,0,0,0,0,0,0,0,Slot,-,Average,1937,
33454,CF,35,HAL PLUMMER,,15,USA,"Buffalo, NY","6' 0""",160 lbs,Left,Left,Depew,-,Average,HS Sophomore,1,NEU,80-83 Mph,Normal (3/4),Normal,22,22,111,88,40,9,1,1,26,33,15,4,11,0.455,0.528,0.614,33.3,15,0.159,0.478,1.141,0.453,0,1.6,0,21,6,0,0,0,0,0,0,0,0,0,0,0,0,0,0,0,0,0,0,0,0,0,0,0,0,0,0,0,0,0,0,0,Slot,-,Average,1937,
33732,SP,1,BILL PORTER,,16,USA,"Waterville, WA","5' 9""",140 lbs,Right,Right,Waterville,-,Average,HS Sophomore,5,NEU,84-86 Mph,Over the Top,Normal,25,25,125,119,47,8,0,3,27,41,2,10,11,0.395,0.403,0.538,25.9,8.9,0.143,0.403,0.941,0.407,0,0.9,0,8,4,16,10,6,1,0,0,0,71.1,60,3,19,17,19,59,2.14,0.25,1.11,10.1,0.4,7.6,2.4,7.4,3.1,0,0,0,0,2.93,0,1.9,2.7,Slot,-,Average,1937,
33422,C,9,JOSH PORTER,,15,USA,"Denver, CO","6' 2""",190 lbs,Left,Right,Louisville,-,Average,HS Sophomore,1,FB,80-83 Mph,Normal (3/4),Normal,21,21,106,91,41,11,0,1,22,38,10,3,12,0.451,0.5,0.604,29.5,14.2,0.154,0.468,1.104,0.449,0,1.4,0,5,2,0,0,0,0,0,0,0,0,0,0,0,0,0,0,0,0,0,0,0,0,0,0,0,0,0,0,0,0,0,0,0,Slot,-,Average,1937,
37427,2B,60,CHARLIE POSERINA,,16,USA,"Hoboken, NJ","5' 10""",165 lbs,Right,Right,Hoboken,-,Average,HS Sophomore,1,FB,80-83 Mph,Normal (3/4),Normal,24,24,122,110,48,12,5,3,31,41,7,5,20,0.436,0.471,0.718,40.8,15.3,0.282,0.494,1.189,0.433,0,1.9,0,32,7,0,0,0,0,0,0,0,0,0,0,0,0,0,0,0,0,0,0,0,0,0,0,0,0,0,0,0,0,0,0,0,Slot,-,Average,1937,
33855,2B,1,JACKIE POTTS,,16,USA,"Mason, MI","6' 0""",170 lbs,Left,Right,Mason,-,Average,HS Sophomore,1,EX FB,80-83 Mph,Normal (3/4),Normal,27,27,136,117,57,16,1,1,31,41,12,1,18,0.487,0.541,0.667,44.9,18.9,0.179,0.515,1.207,0.479,0,2.4,0,2,1,0,0,0,0,0,0,0,0,0,0,0,0,0,0,0,0,0,0,0,0,0,0,0,0,0,0,0,0,0,0,0,Slot,-,Average,1937,
33442,SP,29,KING PRICE,,19,USA,"Winchester, KY","5' 10""",165 lbs,Right,Right,Bluegrass State,-,Great,CO Freshman,3,NEU,83-85 Mph,Sidearm,Normal,,,0,0,0,0,0,0,0,0,0,0,0,0,0,0,0,0,0,0,0,0,0,0,0,0,0,20,20,5,9,0,0,0,135,159,18,78,74,43,64,4.93,0.301,1.5,13.5,1.2,10.6,2.9,4.3,1.5,0,0,0,0,4.94,0,0.4,0.6,Slot,-,Average,1937,
33372,SP,7,WALT PRUNEAU,,16,USA,"Dickson City, PA","5' 9""",145 lbs,Right,Right,Allentown,-,Average,HS Sophomore,3,NEU,85-87 Mph,Normal (3/4),Normal,25,25,126,119,43,6,0,0,27,39,4,9,6,0.361,0.381,0.412,19.7,6.7,0.05,0.352,0.793,0.384,0,0.4,0,3,1,14,6,3,1,1,0,0,52.2,41,1,16,13,17,59,2.22,0.286,1.1,10.4,0.2,7,2.9,10.1,3.5,0,0,0,0,2.35,0,1.8,1.6,Slot,-,Average,1937,
33488,C,13,CURT REED,,14,USA,"Rochester, NY","5' 10""",165 lbs,Switch,Right,Oswego,-,Average,HS Sophomore,1,FB,80-83 Mph,Normal (3/4),Normal,20,20,100,83,36,13,1,4,27,29,14,5,18,0.434,0.53,0.759,35.3,18.7,0.325,0.54,1.289,0.432,0,1.9,0,9,4,0,0,0,0,0,0,0,0,0,0,0,0,0,0,0,0,0,0,0,0,0,0,0,0,0,0,0,0,0,0,0,Slot,-,Average,1937,
33467,RF,24,DAVE REEVES,,20,USA,"Waco, TX","5' 8""",165 lbs,Left,Left,Eastern Oklahoma,-,Great,CO Freshman,1,NEU,80-83 Mph,Normal (3/4),Normal,46,46,232,196,52,9,5,6,33,42,30,23,20,0.265,0.37,0.454,36.4,6.1,0.189,0.359,0.824,0.274,0,0.9,0,35,13,0,0,0,0,0,0,0,0,0,0,0,0,0,0,0,0,0,0,0,0,0,0,0,0,0,0,0,0,0,0,0,Slot,-,Average,1937,
35182,2B,21,WALT REID,,16,USA,"Lowell, MA","5' 10""",155 lbs,Right,Right,Thompsonville,-,Average,HS Sophomore,1,FB,80-83 Mph,Normal (3/4),Normal,26,26,131,113,47,13,2,0,24,42,14,4,15,0.416,0.481,0.566,34.6,12.8,0.15,0.455,1.047,0.423,0,1.6,0,17,5,0,0,0,0,0,0,0,0,0,0,0,0,0,0,0,0,0,0,0,0,0,0,0,0,0,0,0,0,0,0,0,Slot,-,Average,1937,
33414,RP,38,TOM RICHARDSON,,15,USA,"Jersey City, NJ","6' 3""",170 lbs,Right,Right,Ridgefield Park,-,Average,HS Sophomore,4,NEU,83-85 Mph,Normal (3/4),Normal,22,22,110,106,40,8,1,2,25,38,1,10,11,0.377,0.383,0.528,21.2,8.2,0.151,0.384,0.911,0.404,0,0.6,0,1,1,17,10,5,2,0,0,0,79,69,2,27,23,31,66,2.62,0.262,1.27,11.5,0.2,7.9,3.5,7.5,2.1,0,0,0,0,3.07,0,1.9,2.2,Slot,-,Average,1937,
33451,LF,6,BOB RILEY,,15,USA,"New York, NY","5' 11""",170 lbs,Switch,Right,Dwight,-,Average,HS Sophomore,1,FB,80-83 Mph,Normal (3/4),Normal,24,24,124,100,41,9,0,1,26,38,17,7,10,0.41,0.504,0.53,29.8,12.8,0.12,0.454,1.034,0.426,0,1.5,0,1,1,0,0,0,0,0,0,0,0,0,0,0,0,0,0,0,0,0,0,0,0,0,0,0,0,0,0,0,0,0,0,0,Slot,-,Average,1937,
33364,CF,14,NEWT ROBBINS,,15,USA,"Oakland, CA","5' 11""",160 lbs,Right,Right,Lincoln,-,Average,HS Sophomore,1,FB,80-83 Mph,Normal (3/4),Normal,22,22,113,91,40,10,3,3,28,31,14,5,16,0.44,0.536,0.714,37.7,16.4,0.275,0.516,1.251,0.446,0,2,0,23,8,0,0,0,0,0,0,0,0,0,0,0,0,0,0,0,0,0,0,0,0,0,0,0,0,0,0,0,0,0,0,0,Slot,-,Average,1937,
38039,SP,23,LEE ROBINSON,,16,USA,"Owosso, MI","5' 9""",160 lbs,Left,Left,Owosso,-,Average,HS Sophomore,3,FB,84-86 Mph,Normal (3/4),Normal,26,26,132,125,51,7,0,3,31,49,3,5,10,0.408,0.419,0.536,28.3,9.6,0.128,0.406,0.955,0.407,0,1,0,4,2,14,14,9,3,0,0,0,116.1,96,5,27,25,25,129,1.93,0.27,1.04,9.5,0.4,7.4,1.9,10,5.2,0,0,0,0,2.24,0,4.6,5.3,Slot,-,Average,1937,
38098,LF,92,JERRY ROGERS,,16,USA,"Chelsea, MA","6' 0""",175 lbs,Right,Right,Chelsea,-,Average,HS Sophomore,1,FB,80-83 Mph,Normal (3/4),Normal,24,24,122,102,42,14,1,4,30,38,17,5,19,0.412,0.5,0.686,37,15.1,0.275,0.501,1.186,0.404,0,2,0,10,5,0,0,0,0,0,0,0,0,0,0,0,0,0,0,0,0,0,0,0,0,0,0,0,0,0,0,0,0,0,0,0,Slot,-,Average,1937,
33381,RP,20,JOHNNIE ROGERS,,15,USA,"Irvington, NJ","5' 9""",140 lbs,Left,Left,Frisco,-,Average,HS Sophomore,3,NEU,83-85 Mph,Normal (3/4),Normal,6,6,32,28,12,5,1,0,11,11,0,3,6,0.429,0.414,0.679,7.4,9.5,0.25,0.411,1.092,0.462,0,0.3,0,1,1,14,7,4,1,0,0,0,60,56,2,20,19,20,39,2.85,0.266,1.27,11.7,0.3,8.4,3,5.8,1.9,0,0,0,0,3.43,0,1.1,1.7,Slot,-,Average,1937,
33380,SP,24,WILLIAM RUSSELL,,15,USA,"Chicago, IL","6' 5""",175 lbs,Right,Right,Millville,-,Average,HS Sophomore,4,NEU,83-85 Mph,Normal (3/4),Normal,,,0,0,0,0,0,0,0,0,0,0,0,0,0,0,0,0,0,0,0,0,0,0,0,0,0,15,15,9,3,0,0,0,126,94,2,23,22,30,120,1.57,0.25,0.98,8.9,0.1,6.7,2.1,8.6,4,0,0,0,0,2.24,0,5,6.7,Slot,-,Average,1937,
33460,SP,6,LEO RUTT,,19,USA,"Provo, UT","6' 5""",195 lbs,Right,Right,Fremont State,-,Good,CO Freshman,2,NEU,83-85 Mph,Over the Top,Normal,,,0,0,0,0,0,0,0,0,0,0,0,0,0,0,0,0,0,0,0,0,0,0,0,0,0,20,20,5,10,0,0,0,134.2,137,13,75,74,87,96,4.95,0.292,1.66,15.1,0.9,9.2,5.8,6.4,1.1,0,0,0,0,5.01,0,0.3,0.9,Slot,-,Average,1937,
33835,SP,15,BART SCHNEIDER,,16,USA,"Rochester, NY","5' 9""",150 lbs,Right,Right,Rochester,-,Average,HS Sophomore,3,NEU,84-86 Mph,Over the Top,Normal,,,0,0,0,0,0,0,0,0,0,0,0,0,0,0,0,0,0,0,0,0,0,0,0,0,0,12,12,8,1,0,0,0,87,57,1,14,10,16,104,1.03,0.248,0.84,7.6,0.1,5.9,1.7,10.8,6.5,0,0,0,0,1.51,0,4.5,4.8,Slot,-,Average,1937,
37280,SS,6,SKIPPER SCHNEIDER,,16,USA,"Detroit, MI","5' 6""",145 lbs,Left,Right,Northwestern,-,Average,HS Sophomore,1,FB,80-83 Mph,Normal (3/4),Normal,27,27,135,119,58,12,0,3,37,55,11,5,15,0.487,0.53,0.664,45.4,18.3,0.176,0.51,1.194,0.487,0,2.3,0,12,3,0,0,0,0,0,0,0,0,0,0,0,0,0,0,0,0,0,0,0,0,0,0,0,0,0,0,0,0,0,0,0,Slot,-,Average,1937,
33424,CF,18,DIXIE SEIFFERT,,15,USA,"Baltimore, MD","5' 10""",150 lbs,Right,Right,Union City,-,Average,HS Sophomore,1,FB,80-83 Mph,Sidearm,Normal,24,24,121,93,37,12,6,4,26,37,18,5,22,0.398,0.517,0.785,43.3,18.6,0.387,0.527,1.302,0.384,0,2.2,0,18,4,0,0,0,0,0,0,0,0,0,0,0,0,0,0,0,0,0,0,0,0,0,0,0,0,0,0,0,0,0,0,0,Slot,-,Average,1937,
33843,CF,11,ARCHIE SHARP,,16,USA,"Boardman, OH","5' 10""",160 lbs,Right,Right,Boardman,-,Average,HS Sophomore,1,FB,80-83 Mph,Normal (3/4),Normal,24,24,123,110,49,12,5,2,32,36,9,6,19,0.445,0.492,0.7,42.6,17.7,0.255,0.5,1.192,0.456,0,2,0,18,2,0,0,0,0,0,0,0,0,0,0,0,0,0,0,0,0,0,0,0,0,0,0,0,0,0,0,0,0,0,0,0,Slot,-,Average,1937,
33398,C,16,BERT SHEETS,,19,USA,"Tell City, IN","5' 10""",190 lbs,Right,Right,Bluegrass State,-,Great,CO Freshman,1,NEU,80-83 Mph,Normal (3/4),Normal,54,54,274,234,65,8,0,1,30,47,38,27,9,0.278,0.377,0.325,32.6,5.1,0.047,0.327,0.702,0.309,0,0.3,0,1,1,0,0,0,0,0,0,0,0,0,0,0,0,0,0,0,0,0,0,0,0,0,0,0,0,0,0,0,0,0,0,0,Slot,-,Average,1937,
33439,CF,27,PETE SIGMUND,,15,USA,"Anamosa, IA","5' 11""",145 lbs,Switch,Right,Port Byron,-,Average,HS Sophomore,1,NEU,80-83 Mph,Sidearm,Normal,22,22,111,92,43,16,4,2,29,32,15,2,22,0.467,0.559,0.793,43,19.3,0.326,0.565,1.352,0.466,0,2.4,0,30,11,0,0,0,0,0,0,0,0,0,0,0,0,0,0,0,0,0,0,0,0,0,0,0,0,0,0,0,0,0,0,0,Slot,-,Average,1937,
33869,SS,2,CLIFTON SMITH,,16,USA,"Winston-Salem, NC","5' 9""",170 lbs,Right,Right,Winston-Salem,-,Average,HS Sophomore,1,NEU,80-83 Mph,Normal (3/4),Normal,24,24,120,98,48,13,1,0,29,34,16,3,14,0.49,0.568,0.643,39.6,19.1,0.153,0.517,1.211,0.5,0,2.1,0,9,3,0,0,0,0,0,0,0,0,0,0,0,0,0,0,0,0,0,0,0,0,0,0,0,0,0,0,0,0,0,0,0,Slot,-,Average,1937,
35469,C,5,HELLMAN SMITH,,19,USA,"Alpena, MI","6' 0""",175 lbs,Right,Right,Georgia Baptist,-,Great,CO Freshman,3,NEU,83-85 Mph,Sidearm,Normal,48,48,243,211,59,12,1,4,41,51,30,25,17,0.28,0.369,0.403,34.8,5.9,0.123,0.344,0.772,0.302,0,-0.1,0,13,5,0,0,0,0,0,0,0,0,0,0,0,0,0,0,0,0,0,0,0,0,0,0,0,0,0,0,0,0,0,0,0,Slot,-,Average,1937,
33482,RF,22,JESSE SMITH,,20,USA,"Altoona, PA","5' 10""",170 lbs,Left,Left,Golden Gate University,-,Great,CO Freshman,1,NEU,80-83 Mph,Over the Top,Normal,62,62,312,267,72,11,5,7,54,50,39,23,23,0.27,0.363,0.427,48.8,6.3,0.157,0.349,0.79,0.271,0,0.9,0,38,9,0,0,0,0,0,0,0,0,0,0,0,0,0,0,0,0,0,0,0,0,0,0,0,0,0,0,0,0,0,0,0,Slot,-,Average,1937,
33449,LF,21,JOE SMITH,,15,USA,"Larksville, PA","5' 9""",150 lbs,Left,Left,Cascade,-,Average,HS Sophomore,3,NEU,84-86 Mph,Over the Top,Normal,21,21,107,86,39,12,2,1,21,36,15,3,15,0.453,0.533,0.674,34.1,15.9,0.221,0.503,1.208,0.452,0,1.7,0,19,7,0,0,0,0,0,0,0,0,0,0,0,0,0,0,0,0,0,0,0,0,0,0,0,0,0,0,0,0,0,0,0,Slot,-,Average,1937,
33377,LF,13,JOHN SMITH,,15,USA,"Elkhart, IN","6' 3""",190 lbs,Right,Right,Hillsdale,-,Average,HS Sophomore,1,FB,80-83 Mph,Normal (3/4),Normal,24,24,122,106,58,13,5,3,37,44,4,3,21,0.547,0.571,0.849,55.3,25.3,0.302,0.577,1.42,0.534,0,2.8,0,22,5,0,0,0,0,0,0,0,0,0,0,0,0,0,0,0,0,0,0,0,0,0,0,0,0,0,0,0,0,0,0,0,Slot,-,Average,1937,
35077,3B,4,NATE SMITH,,16,USA,"Newark, NJ","5' 11""",190 lbs,Right,Right,Newark,-,Average,HS Sophomore,1,NEU,80-83 Mph,Over the Top,Normal,23,23,119,97,39,9,2,1,23,28,17,7,12,0.402,0.496,0.567,30.4,13.4,0.165,0.462,1.063,0.418,0,1.5,0,2,1,0,0,0,0,0,0,0,0,0,0,0,0,0,0,0,0,0,0,0,0,0,0,0,0,0,0,0,0,0,0,0,Slot,-,Average,1937,
33383,RF,17,PAT SMITH,,14,USA,"Indianapolis, IN","5' 10""",150 lbs,Left,Left,Hughes Center,-,Average,HS Sophomore,1,NEU,80-83 Mph,Over the Top,Normal,22,22,110,87,37,12,2,4,23,34,17,5,18,0.425,0.528,0.747,37.2,18.3,0.322,0.522,1.275,0.418,0,2,0,5,2,0,0,0,0,0,0,0,0,0,0,0,0,0,0,0,0,0,0,0,0,0,0,0,0,0,0,0,0,0,0,0,Slot,-,Average,1937,
33395,SP,29,PINKY SOWELL,,15,USA,"Woburn, MA","5' 8""",135 lbs,Left,Left,East Douglas,-,Average,HS Sophomore,4,NEU,83-85 Mph,Normal (3/4),Normal,8,8,44,39,16,8,2,1,11,15,1,5,11,0.41,0.395,0.795,12.7,12.2,0.385,0.459,1.19,0.417,0,0.6,0,3,1,13,13,7,3,0,0,0,99.2,84,4,31,27,33,92,2.44,0.261,1.17,10.8,0.4,7.6,3,8.3,2.8,0,0,0,0,2.96,0,2.8,3.4,Slot,-,Average,1937,
33401,C,7,LARRY STERLING,,14,USA,"Butte, MT","5' 7""",150 lbs,Right,Right,Great Falls,-,Average,HS Sophomore,3,NEU,83-85 Mph,Normal (3/4),Normal,21,21,107,86,35,13,1,1,24,29,16,8,15,0.407,0.495,0.616,29.5,14,0.209,0.466,1.112,0.43,0,1.4,0,7,2,0,0,0,0,0,0,0,0,0,0,0,0,0,0,0,0,0,0,0,0,0,0,0,0,0,0,0,0,0,0,0,Slot,-,Average,1937,
33684,SP,35,CARL STOCKWELL,,19,USA,"New Orleans, LA","5' 11""",155 lbs,Right,Right,Western Florida,-,Great,CO Freshman,3,NEU,80-83 Mph,Normal (3/4),Normal,,,0,0,0,0,0,0,0,0,0,0,0,0,0,0,0,0,0,0,0,0,0,0,0,0,0,18,18,7,6,0,0,0,117.2,126,6,54,53,48,44,4.05,0.285,1.48,13.5,0.5,9.6,3.7,3.4,0.9,0,0,0,0,4.39,0,1.1,1.9,Slot,-,Average,1937,
33419,RF,18,BILL SULLIVAN,,15,USA,"Duluth, MN","6' 0""",170 lbs,Right,Left,Pine City,-,Average,HS Sophomore,1,FB,80-83 Mph,Normal (3/4),Normal,20,20,103,84,37,13,1,4,23,34,15,6,18,0.44,0.515,0.762,35.4,17.7,0.321,0.526,1.276,0.429,0,1.9,0,9,4,0,0,0,0,0,0,0,0,0,0,0,0,0,0,0,0,0,0,0,0,0,0,0,0,0,0,0,0,0,0,0,Slot,-,Average,1937,
34152,2B,28,GROVER TAYLOR,,19,USA,"Donora, PA","5' 10""",155 lbs,Switch,Right,Shenandoah Valley State,-,Good,CO Freshman,1,FB,80-83 Mph,Sidearm,Normal,50,50,252,221,59,9,5,6,33,41,27,24,20,0.267,0.353,0.434,39.5,6.3,0.167,0.347,0.788,0.276,0,0.2,0,33,7,0,0,0,0,0,0,0,0,0,0,0,0,0,0,0,0,0,0,0,0,0,0,0,0,0,0,0,0,0,0,0,Slot,-,Average,1937,
33462,SS,9,FRED THAYER,,14,USA,"Los Angeles, CA","5' 10""",145 lbs,Right,Right,Ooltewah,-,Average,HS Sophomore,1,FB,80-83 Mph,Normal (3/4),Normal,20,20,102,89,43,13,3,1,27,40,10,2,17,0.483,0.545,0.73,38.6,21.3,0.247,0.538,1.275,0.488,0,2,0,11,2,0,0,0,0,0,0,0,0,0,0,0,0,0,0,0,0,0,0,0,0,0,0,0,0,0,0,0,0,0,0,0,Slot,-,Average,1937,
33837,LF,27,JIM THIELE,,16,USA,"New York, NY","5' 9""",155 lbs,Left,Right,Cardinal Hayes,-,Average,HS Sophomore,1,NEU,80-83 Mph,Normal (3/4),Normal,25,25,125,102,46,14,2,4,31,41,16,2,20,0.451,0.525,0.745,43.2,17.4,0.294,0.518,1.27,0.429,0,2.2,0,19,6,0,0,0,0,0,0,0,0,0,0,0,0,0,0,0,0,0,0,0,0,0,0,0,0,0,0,0,0,0,0,0,Slot,-,Average,1937,
34903,SP,21,JOE THOMPSON,,15,USA,"Potomac, MD","5' 10""",155 lbs,Right,Right,Roosevelt,-,Average,HS Sophomore,4,NEU,84-86 Mph,Normal (3/4),Normal,9,9,49,45,16,4,1,3,16,17,1,8,8,0.356,0.362,0.689,10.3,7.9,0.333,0.414,1.051,0.371,0,0.4,0,6,3,15,15,8,2,0,0,0,103.1,89,4,31,29,35,94,2.53,0.268,1.2,11,0.3,7.8,3,8.2,2.7,0,0,0,0,2.96,0,2.9,3.6,Slot,-,Average,1937,
33444,SP,15,PETE THOMPSON,,15,USA,"Wilkinsburg, PA","5' 11""",150 lbs,Switch,Right,Uniontown,-,Average,HS Sophomore,3,NEU,83-85 Mph,Over the Top,Normal,,,0,0,0,0,0,0,0,0,0,0,0,0,0,0,0,0,0,0,0,0,0,0,0,0,0,15,15,9,1,0,0,0,103,83,3,24,21,18,115,1.83,0.283,0.98,9.1,0.3,7.3,1.6,10,6.4,0,0,0,0,1.96,0,4.5,4.6,Slot,-,Average,1937,
37389,RF,6,JOHNNIE TILTON,,15,USA,"St. Louis, MO","6' 0""",190 lbs,Left,Left,Carterville,-,Average,HS Sophomore,1,FB,80-83 Mph,Normal (3/4),Normal,23,23,118,92,38,7,1,2,21,36,17,8,10,0.413,0.525,0.576,31.7,15,0.163,0.482,1.102,0.429,0,1.7,0,2,1,0,0,0,0,0,0,0,0,0,0,0,0,0,0,0,0,0,0,0,0,0,0,0,0,0,0,0,0,0,0,0,Slot,-,Average,1937,
33455,SP,5,CASEY TRAIL,,20,USA,"Houghton, MI","6' 0""",170 lbs,Right,Right,Oklahoma City State,-,Great,CO Freshman,3,NEU,80-83 Mph,Normal (3/4),Normal,,,0,0,0,0,0,0,0,0,0,0,0,0,0,0,0,0,0,0,0,0,0,0,0,0,0,20,15,4,6,0,0,0,106,123,13,78,75,76,44,6.37,0.296,1.88,17.1,1.1,10.4,6.5,3.7,0.6,0,0,0,0,6.17,0,-1.2,-1.1,Slot,-,Average,1937,
33841,3B,9,JOE TROXELL,,16,USA,"Lone Elm, KS","5' 11""",170 lbs,Right,Right,Lone Elm,-,Average,HS Sophomore,3,GB,83-85 Mph,Normal (3/4),GB'er,28,28,144,115,51,14,2,2,33,43,17,8,18,0.443,0.532,0.652,43.4,16,0.209,0.497,1.184,0.458,0,2.3,0,8,4,0,0,0,0,0,0,0,0,0,0,0,0,0,0,0,0,0,0,0,0,0,0,0,0,0,0,0,0,0,0,0,Slot,-,Average,1937,
33371,SP,25,BILLY TURNER,,16,USA,"Seattle, WA","6' 5""",185 lbs,Right,Right,Redmond,-,Average,HS Sophomore,3,GB,84-86 Mph,Normal (3/4),GB'er,,,0,0,0,0,0,0,0,0,0,0,0,0,0,0,0,0,0,0,0,0,0,0,0,0,0,14,14,9,1,0,0,0,94.2,67,1,18,15,23,112,1.43,0.26,0.95,8.6,0.1,6.4,2.2,10.6,4.9,0,0,0,0,1.7,0,4.6,4.8,Slot,-,Average,1937,
33408,SP,47,ART WAGNER,,16,USA,"New Rochelle, NY","5' 11""",150 lbs,Right,Right,Enola,-,Average,HS Sophomore,3,NEU,83-85 Mph,Sidearm,Normal,25,25,129,122,49,9,0,0,30,39,2,6,9,0.402,0.409,0.475,24.7,8.3,0.074,0.383,0.885,0.415,0,0.8,0,8,3,12,12,8,1,0,0,0,91.2,70,4,21,19,28,101,1.87,0.245,1.07,9.6,0.4,6.9,2.7,9.9,3.6,0,0,0,0,2.48,0,3.3,4.2,Slot,-,Average,1937,
36841,SP,14,BUSTER WALLACE,,16,USA,"Elkin, NC","5' 7""",145 lbs,Right,Right,Elkin,-,Average,HS Sophomore,3,NEU,84-86 Mph,Over the Top,Normal,,,0,0,0,0,0,0,0,0,0,0,0,0,0,0,0,0,0,0,0,0,0,0,0,0,0,14,14,7,3,0,0,0,103.1,97,5,35,34,34,90,2.96,0.282,1.27,11.6,0.4,8.4,3,7.8,2.6,0,0,0,0,3.13,0,2.6,3.1,Slot,-,Average,1937,
33486,SP,15,MIKE WALTERS,,15,USA,"Nashua, NH","5' 11""",150 lbs,Left,Left,Walpole,-,Average,HS Sophomore,4,NEU,83-85 Mph,Normal (3/4),Normal,7,7,37,36,14,7,0,0,8,13,0,3,7,0.389,0.389,0.583,7.7,8.3,0.194,0.405,0.972,0.424,0,0.3,0,4,2,12,12,6,2,0,0,0,88.1,75,2,25,22,25,92,2.24,0.285,1.13,10.3,0.2,7.6,2.5,9.4,3.7,0,0,0,0,2.29,0,3.4,3.3,Slot,-,Average,1937,
36969,LF,25,PAUL WALTERS,,16,USA,"Ossining, NY","5' 9""",155 lbs,Left,Right,Ossining,-,Average,HS Sophomore,1,FB,80-83 Mph,Normal (3/4),Normal,24,24,123,96,39,16,1,2,23,37,21,4,19,0.406,0.537,0.656,37.7,16.7,0.25,0.512,1.193,0.411,0,2.1,0,9,4,0,0,0,0,0,0,0,0,0,0,0,0,0,0,0,0,0,0,0,0,0,0,0,0,0,0,0,0,0,0,0,Slot,-,Average,1937,
33861,SP,1,STAN WELCH,,16,USA,"Collierville, TN","5' 9""",170 lbs,Right,Right,Collierville,-,Average,HS Sophomore,4,NEU,89-91 Mph,Normal (3/4),Normal,,,0,0,0,0,0,0,0,0,0,0,0,0,0,0,0,0,0,0,0,0,0,0,0,0,0,13,13,6,3,0,0,0,93.2,85,3,28,26,23,89,2.5,0.289,1.15,10.7,0.3,8.2,2.2,8.6,3.9,0,0,0,0,2.55,0,3.2,3.3,Slot,-,Average,1937,
37266,LF,1,DEL WEST,,16,USA,"Charlottesville, VA","6' 0""",180 lbs,Right,Right,Charlottesville,-,Average,HS Sophomore,1,NEU,80-83 Mph,Over the Top,Normal,26,26,133,115,60,16,1,4,35,52,13,6,21,0.522,0.569,0.783,53.4,24,0.261,0.559,1.352,0.528,0,2.8,0,3,1,0,0,0,0,0,0,0,0,0,0,0,0,0,0,0,0,0,0,0,0,0,0,0,0,0,0,0,0,0,0,0,Slot,-,Average,1937,
33875,SP,7,JOHN WESTERHOLD,,16,CAN,"Peterborough, ON","5' 10""",165 lbs,Right,Right,Central Catholic,-,Average,HS Sophomore,3,NEU,86-88 Mph,Normal (3/4),Normal,21,21,107,97,36,10,0,1,21,26,5,7,11,0.371,0.396,0.505,20.1,8,0.134,0.385,0.901,0.38,0,0.6,0,5,3,13,13,6,3,0,0,0,94.1,89,4,38,35,40,84,3.34,0.291,1.37,12.6,0.4,8.5,3.8,8,2.1,0,0,0,0,3.34,0,2.1,2.1,Slot,-,Average,1937,
33878,1B,20,JOE WESTFIELD,,16,USA,"Philadelphia, PA","6' 0""",200 lbs,Right,Right,Gratz,-,Average,HS Sophomore,1,FB,80-83 Mph,Normal (3/4),Normal,24,24,124,99,40,13,2,5,28,41,17,9,20,0.404,0.5,0.727,40.1,16.2,0.323,0.502,1.227,0.402,0,2,0,15,4,0,0,0,0,0,0,0,0,0,0,0,0,0,0,0,0,0,0,0,0,0,0,0,0,0,0,0,0,0,0,0,Slot,-,Average,1937,
37397,SP,6,HAL WHETSEL,,16,USA,"Malden, MA","5' 8""",160 lbs,Right,Right,Malden,-,Average,HS Sophomore,2,NEU,84-86 Mph,Sidearm,Normal,8,8,44,39,17,8,0,0,13,15,1,2,8,0.436,0.452,0.641,11,10.6,0.205,0.443,1.093,0.447,0,0.5,0,6,3,13,13,5,4,0,0,0,93.1,91,3,40,38,52,78,3.66,0.29,1.53,13.9,0.3,8.8,5,7.5,1.5,0,0,0,0,3.65,0,1.7,1.9,Slot,-,Average,1937,
33466,RF,18,PADDY WILEY,,15,USA,"Los Angeles, CA","6' 0""",170 lbs,Right,Right,Greenup,-,Average,HS Sophomore,1,FB,80-83 Mph,Normal (3/4),Normal,25,25,127,105,48,14,2,2,27,45,19,3,18,0.457,0.548,0.686,42.3,18.4,0.229,0.524,1.233,0.46,0,2.3,0,9,4,0,0,0,0,0,0,0,0,0,0,0,0,0,0,0,0,0,0,0,0,0,0,0,0,0,0,0,0,0,0,0,Slot,-,Average,1937,
37176,RF,15,BUD WILLIAMS,,16,USA,"Nashville, TN","5' 9""",175 lbs,Left,Left,Ensworth,-,Average,HS Sophomore,1,FB,80-83 Mph,Normal (3/4),Normal,25,25,129,108,45,14,4,4,29,44,19,7,22,0.417,0.496,0.731,43.1,17.1,0.315,0.51,1.228,0.414,0,2.2,0,12,3,0,0,0,0,0,0,0,0,0,0,0,0,0,0,0,0,0,0,0,0,0,0,0,0,0,0,0,0,0,0,0,Slot,-,Average,1937,
36929,SS,18,HANK WILLIAMS,,16,USA,"Yonkers, NY","5' 7""",145 lbs,Right,Right,Stuyvesant,-,Average,HS Sophomore,1,NEU,80-83 Mph,Sidearm,Normal,25,25,129,108,50,8,2,0,26,45,15,3,10,0.463,0.524,0.574,36.1,14.1,0.111,0.47,1.098,0.467,0,1.7,0,17,6,0,0,0,0,0,0,0,0,0,0,0,0,0,0,0,0,0,0,0,0,0,0,0,0,0,0,0,0,0,0,0,Slot,-,Average,1937,
33431,SS,14,JOE WILLIAMS,,19,USA,"Steelton, PA","6' 1""",180 lbs,Right,Right,Miami State,-,Great,CO Freshman,1,NEU,80-83 Mph,Over the Top,Normal,47,47,238,200,52,11,4,5,35,47,30,20,20,0.26,0.357,0.43,36.8,6.1,0.17,0.343,0.787,0.264,0,0.5,0,37,9,0,0,0,0,0,0,0,0,0,0,0,0,0,0,0,0,0,0,0,0,0,0,0,0,0,0,0,0,0,0,0,Slot,-,Average,1937,
37444,1B,15,JOHN J WILSON,,15,USA,"Vincennes, IN","6' 0""",190 lbs,Right,Right,Vincennes,-,Average,HS Sophomore,1,FB,80-83 Mph,Normal (3/4),Normal,23,23,117,99,44,12,1,2,25,33,11,2,15,0.444,0.5,0.646,36,15.7,0.202,0.484,1.146,0.429,0,1.7,0,13,3,0,0,0,0,0,0,0,0,0,0,0,0,0,0,0,0,0,0,0,0,0,0,0,0,0,0,0,0,0,0,0,Slot,-,Average,1937,
37501,RF,23,TUCK WILSON,,16,USA,"Chicago, IL","5' 8""",150 lbs,Left,Left,De La Salle,-,Average,HS Sophomore,1,FB,80-83 Mph,Over the Top,Normal,27,27,138,116,46,13,1,3,26,35,15,6,17,0.397,0.474,0.603,35.5,12.8,0.207,0.454,1.078,0.398,0,1.7,0,2,1,0,0,0,0,0,0,0,0,0,0,0,0,0,0,0,0,0,0,0,0,0,0,0,0,0,0,0,0,0,0,0,Slot,-,Average,1937,
33406,CF,7,JOE WISE,,15,USA,"Canandaigua, NY","5' 9""",150 lbs,Right,Right,Pittsford,-,Average,HS Sophomore,1,FB,80-83 Mph,Normal (3/4),Normal,24,24,122,109,52,12,0,3,30,39,11,1,15,0.477,0.521,0.67,39.6,17.8,0.193,0.508,1.19,0.462,0,2,0,2,1,0,0,0,0,0,0,0,0,0,0,0,0,0,0,0,0,0,0,0,0,0,0,0,0,0,0,0,0,0,0,0,Slot,-,Average,1937,
33397,CF,11,VIC WISE,,15,USA,"Philadelphia, PA","5' 11""",150 lbs,Left,Left,Kutztown,-,Average,HS Sophomore,1,FB,80-83 Mph,Normal (3/4),Normal,24,24,122,97,43,17,3,5,32,44,18,7,25,0.443,0.533,0.835,47.5,21.4,0.392,0.555,1.368,0.432,0,2.5,0,10,3,0,0,0,0,0,0,0,0,0,0,0,0,0,0,0,0,0,0,0,0,0,0,0,0,0,0,0,0,0,0,0,Slot,-,Average,1937,
33396,CF,13,CHARLIE WISEMAN,,15,USA,"Superior, WI","5' 9""",145 lbs,Right,Right,Rice Lake,-,Average,HS Sophomore,1,NEU,80-83 Mph,Sidearm,Normal,20,20,103,85,36,9,2,0,21,32,15,3,11,0.424,0.51,0.576,28.5,13.5,0.153,0.462,1.086,0.439,0,1.3,0,18,5,0,0,0,0,0,0,0,0,0,0,0,0,0,0,0,0,0,0,0,0,0,0,0,0,0,0,0,0,0,0,0,Slot,-,Average,1937,
37144,SP,22,BOB WOLF,,16,USA,"Buffalo, NY","5' 11""",180 lbs,Right,Right,Bennett,-,Average,HS Sophomore,2,GB,84-86 Mph,Normal (3/4),GB'er,11,11,55,45,16,7,2,0,10,11,3,9,9,0.356,0.385,0.6,10.8,7.6,0.244,0.382,0.985,0.41,0,0.3,0,7,3,15,15,7,3,0,0,0,104,73,1,23,20,37,129,1.73,0.27,1.06,9.7,0.1,6.3,3.2,11.2,3.5,0,0,0,0,1.97,0,4.5,4.8,Slot,-,Average,1937,
33838,SP,2,BOBBY WOODWARD,,16,USA,"Clarksville, TN","6' 0""",180 lbs,Right,Right,Clarksville,-,Average,HS Sophomore,4,NEU,83-85 Mph,Over the Top,Normal,9,9,48,45,17,8,0,0,12,15,1,5,8,0.378,0.391,0.556,9,7.2,0.178,0.39,0.947,0.425,0,0.3,0,9,4,15,15,7,4,0,0,0,111.1,86,3,28,27,44,124,2.18,0.263,1.17,10.8,0.2,7,3.6,10,2.8,0,0,0,0,2.59,0,3.8,4.7,Slot,-,Average,1937,
37599,RF,22,CHET WOOLLEY,,16,USA,"Pittsburgh, PA","5' 11""",175 lbs,Left,Left,Bryn Mawr,-,Average,HS Sophomore,1,NEU,80-83 Mph,Normal (3/4),Normal,22,22,114,97,41,10,2,1,25,30,14,5,13,0.423,0.509,0.598,32,15.2,0.175,0.482,1.107,0.44,0,1.7,0,3,1,0,0,0,0,0,0,0,0,0,0,0,0,0,0,0,0,0,0,0,0,0,0,0,0,0,0,0,0,0,0,0,Slot,-,Average,1937,
33433,C,31,CARL YATES,,15,USA,"Detroit, MI","5' 8""",160 lbs,Switch,Right,St. John's Jesuit,-,Average,HS Sophomore,1,FB,80-83 Mph,Normal (3/4),Normal,20,20,104,89,35,8,0,0,23,31,10,7,8,0.393,0.471,0.483,21.7,10.1,0.09,0.42,0.954,0.427,0,0.9,0,3,2,0,0,0,0,0,0,0,0,0,0,0,0,0,0,0,0,0,0,0,0,0,0,0,0,0,0,0,0,0,0,0,Slot,-,Average,1937,
33487,C,22,DICK YOAKUM,,19,USA,"Fall River, MA","5' 10""",180 lbs,Switch,Right,Pittsburgh State,-,Great,CO Freshman,1,FB,80-83 Mph,Normal (3/4),Normal,59,59,298,256,67,10,1,2,36,42,37,23,13,0.262,0.354,0.332,34,4.7,0.07,0.315,0.686,0.278,0,0,0,1,1,0,0,0,0,0,0,0,0,0,0,0,0,0,0,0,0,0,0,0,0,0,0,0,0,0,0,0,0,0,0,0,Slot,-,Average,1937,
36944,SS,18,TEDDY YOUNGMAN,,16,USA,"New York, NY","5' 7""",155 lbs,Right,Right,Walton,-,Average,HS Sophomore,1,FB,80-83 Mph,Normal (3/4),Normal,23,23,118,104,43,11,1,1,26,31,7,7,13,0.413,0.448,0.567,30,11.6,0.154,0.43,1.016,0.424,0,1.2,0,19,4,0,0,0,0,0,0,0,0,0,0,0,0,0,0,0,0,0,0,0,0,0,0,0,0,0,0,0,0,0,0,0,Slot,-,Average,1937,
33853,SP,13,LEO ZASTROW,,16,USA,"Shelton, NE","6' 1""",165 lbs,Right,Right,Shelton,-,Average,HS Sophomore,3,NEU,85-87 Mph,Over the Top,Normal,10,10,51,48,18,8,2,1,10,17,1,3,11,0.375,0.388,0.688,12.3,10.1,0.312,0.432,1.075,0.386,0,0.5,0,1,1,16,16,8,3,0,0,0,108,91,3,28,27,31,118,2.25,0.289,1.13,10.2,0.2,7.6,2.6,9.8,3.8,0,0,0,0,2.26,0,4.2,4.4,Slot,-,Average,1937,
